Mono RX,UC,Basis,CLARUS II,Blue PRO,Clarus Sericum UV,Achromatic,Mirror Coating,Flash to Mirror ,Ultraslik,,,,,,,,,,
Mono Rx 1.50 ,6.47,7.47,10.47,12.47,12.47,12.47,11.47,x,16.47,,,,,,,,,,
Mono Rx 1.53 ,14.15,15.15,18.15,20.15,20.15,x,x,x,24.15,,,,,,,,,,
Mono Rx 1.56 ,8.49,9.49,12.49,14.49,14.49,x,x,x,18.49,,,,,,,,,,
Mono Rx 1.59 ,15.61,16.61,19.61,21.61,21.61,x,x,x,25.61,,,,,,,,,,
Mono Rx 1.60 ,16.98,17.98,20.98,22.98,22.98,22.98,21.98,x,26.98,,,,,,,,,,
Mono Rx 1.67 ,25.07,26.07,29.07,31.07,31.07,31.07,30.07,x,35.07,,,,,,,,,,
Mono Rx 1.74 ,41.64,42.64,45.64,47.64,47.64,47.64,46.64,x,51.64,,,,,,,,,,
Mono Rx 1.50 BLUE420 ,9.05,10.05,13.05,15.05,15.05,15.05,x,x,19.05,,,,,,,,,,
Mono Rx 1.60 BLUE420 ,20.37,21.37,24.37,26.37,26.37,26.37,x,x,30.37,,,,,,,,,,
Mono Rx 1.67 BLUE420 ,30.07,31.07,34.07,36.07,36.07,36.07,x,x,40.07,,,,,,,,,,
Junior 1.50 ,6.47,7.47,10.47,12.47,12.47,12.47,11.47,x,16.47,,,,,,,,,,
Junior 1.50 BLUE420 ,9.05,10.05,13.05,15.05,15.05,15.05,x,x,19.05,,,,,,,,,,
Mono Rx 1.50 Trans GEN S ,23.66,24.66,27.66,29.66,29.66,29.66,x,x,33.66,,,,,,,,,,
"Mono Rx 1.50 Trans GEN S (Sapphire,Amethyst,Amber,Emerald, Ruby) ",23.66,24.66,27.66,29.66,29.66,29.66,x,x,33.66,,,,,,,,,,
Mono Rx 1.53 Trans GEN S ,50.40,51.40,54.40,56.40,56.40,x,x,x,60.40,,,,,,,,,,
Mono Rx 1.60 Trans GEN S ,43.11,44.11,47.11,49.11,49.11,49.11,x,x,53.11,,,,,,,,,,
"Mono Rx 1.60 Trans GEN S (Sapphire,Amethyst,Amber,Emerald, Ruby) ",43.11,44.11,47.11,49.11,49.11,49.11,x,x,53.11,,,,,,,,,,
Mono Rx 1.67 Trans GEN S ,50.80,51.80,54.80,56.80,56.80,56.80,x,x,60.80,,,,,,,,,,
"Mono Rx 1.67 Trans GEN S (Sapphire,Amethyst,Amber,Emerald, Ruby) ",50.80,51.80,54.80,56.80,56.80,56.80,x,x,60.80,,,,,,,,,,
Mono Rx 1.74 Trans GEN S ,61.22,62.22,65.22,67.22,67.22,67.22,x,x,71.22,,,,,,,,,,
Mono Rx 1.50 Trans Drivewear ,53.96,54.96,57.96,59.96,59.96,59.96,x,x,63.96,,,,,,,,,,
Mono Rx 1.67 Trans Drivewear ,62.06,63.06,66.06,68.06,68.06,68.06,x,x,72.06,,,,,,,,,,
Mono Rx 1.50 Solis ,14.73,15.73,18.73,20.73,20.73,20.73,x,19.73,24.73,,,,,,,,,,
Mono Rx 1.56 Solis,13.53,14.53,17.53,19.53,19.53,19.53,x,18.53,23.53,,,,,,,,,,
Mono Rx 1.60 Solis ,24.66,25.66,28.66,30.66,30.66,30.66,x,29.66,34.66,,,,,,,,,,
Mono Rx 1.67 Solis ,32.90,33.90,36.90,38.90,38.90,38.90,x,37.90,42.90,,,,,,,,,,
Mono Rx 1.50 NeoChromes ,19.10,20.10,23.10,25.10,25.10,25.10,x,x,29.10,,,,,,,,,,
Mono Rx 1.60 NeoChromes ,34.17,35.17,38.17,40.17,40.17,40.17,x,x,44.17,,,,,,,,,,
Mono Rx 1.67 NeoChromes ,38.69,39.69,42.69,44.69,44.69,44.69,x,x,48.69,,,,,,,,,,
Mono Rx 1.50 TransXtract ,26.50,27.50,30.50,32.50,32.50,32.50,x,x,36.50,,,,,,,,,,
Mono Rx 1.60 TransXtract ,45.09,46.09,49.09,51.09,51.09,51.09,x,x,55.09,,,,,,,,,,
Mono Rx 1.67 TransXtract ,61.94,62.94,65.94,67.94,67.94,67.94,x,x,71.94,,,,,,,,,,
Mono Rx 1.50 TransXtract Polarized Grey ,36.59,37.59,40.59,42.59,42.59,42.59,x,x,46.59,,,,,,,,,,
Mono Rx 1.60 TransXtract Polarized Grey ,52.97,53.97,56.97,58.97,58.97,58.97,x,x,62.97,,,,,,,,,,
Mono Rx 1.67 TransXtract Polarized Grey ,72.49,73.49,76.49,78.49,78.49,78.49,x,x,82.49,,,,,,,,,,
Mono Rx 1.50 NuPolar ,16.58,17.58,20.58,22.58,22.58,22.58,x,x,26.58,,,,,,,,,,
Mono Rx 1.60 NuPolar ,35.98,36.98,39.98,41.98,41.98,41.98,x,x,45.98,,,,,,,,,,
Mono Rx 1.67 NuPolar ,58.62,59.62,62.62,64.62,64.62,64.62,x,x,68.62,,,,,,,,,,
Mono Rx 1.74 NuPolar ,65.43,66.43,69.43,71.43,71.43,71.43,x,x,75.43,,,,,,,,,,
Mono Rx 1.50 NuPolar Gradient ,16.58,17.58,20.58,22.58,22.58,22.58,x,x,26.58,,,,,,,,,,
Mono Rx 1.50 NuPolar Infinite Grey ,29.48,30.48,33.48,35.48,35.48,35.48,x,x,39.48,,,,,,,,,,
Mono Rx 1.50 NuPolar Tinted Universe,x,x,x,x,x,30.58,x,x,x,,,,,,,,,,
Mono Rx 1.50 NuPolar Tinted Universe gradient,x,x,x,x,x,31.58,x,x,x,,,,,,,,,,
Mono Rx 1.50 Polaro ,12.83,13.83,16.83,18.83,18.83,x,x,x,22.83,,,,,,,,,,
Mono Rx 1.60 Polaro ,25.18,26.18,29.18,31.18,31.18,x,x,x,35.18,,,,,,,,,,
Mono Rx 1.50 NuPolar MIRROR ,24.66,x,x,x,x,x,x,x,x,,,,,,,,,,
Mono FreeForm,UC,Basis,CLARUS II,Blue PRO,Clarus Sericum UV,Achromatic,Mirror Coating,Flash to Mirror ,Ultraslik,,,,,,,,,,
Mono FF 1.50 ,10.47,11.47,14.47,16.47,16.47,16.47,15.47,x,20.47,,,,,,,,,,
Mono FF 1.53 ,18.15,19.15,22.15,24.15,24.15,x,x,x,28.15,,,,,,,,,,
Mono FF 1.56 ,12.49,13.49,16.49,18.49,18.49,x,x,x,22.49,,,,,,,,,,
Mono FF 1.59 ,19.61,20.61,23.61,25.61,25.61,x,x,x,29.61,,,,,,,,,,
Mono FF 1.60 ,20.98,21.98,24.98,26.98,26.98,26.98,25.98,x,30.98,,,,,,,,,,
Mono FF 1.67 ,29.07,30.07,33.07,35.07,35.07,35.07,32.58,x,39.07,,,,,,,,,,
Mono FF 1.74 ,45.64,46.64,49.64,51.64,51.64,51.64,50.64,x,55.64,,,,,,,,,,
Mono FF 1.50 BLUE420 ,13.05,14.05,17.05,19.05,19.05,19.05,x,x,23.05,,,,,,,,,,
Mono FF 1.60 BLUE420 ,24.37,25.37,28.37,30.37,30.37,30.37,x,x,34.37,,,,,,,,,,
Mono FF 1.67 BLUE420 ,34.07,35.07,38.07,40.07,40.07,40.07,x,x,44.07,,,,,,,,,,
Junior 1.50 ,10.47,11.47,14.47,16.47,16.47,16.47,15.47,x,20.47,,,,,,,,,,
Junior 1.50 BLUE420 ,13.05,14.05,17.05,19.05,19.05,19.05,x,x,23.05,,,,,,,,,,
Mono FF 1.50 Trans GEN S ,27.66,28.66,31.66,33.66,33.66,33.66,x,x,37.66,,,,,,,,,,
"Mono FF 1.50 Trans GEN S (Sapphire,Amethyst,Amber,Emerald, Ruby) ",27.66,28.66,31.66,33.66,33.66,33.66,x,x,37.66,,,,,,,,,,
Mono FF 1.53 Trans GEN S ,54.40,55.40,58.40,60.40,60.40,x,x,x,64.40,,,,,,,,,,
Mono FF 1.60 Trans GEN S ,47.11,48.11,51.11,53.11,53.11,53.11,x,x,57.11,,,,,,,,,,
"Mono FF 1.60 Trans GEN S (Sapphire,Amethyst,Amber,Emerald, Ruby) ",47.11,48.11,51.11,53.11,53.11,53.11,x,x,57.11,,,,,,,,,,
Mono FF 1.67 Trans GEN S ,54.80,55.80,58.80,60.80,60.80,60.80,x,x,64.80,,,,,,,,,,
"Mono FF 1.67 Trans GEN S (Sapphire,Amethyst,Amber,Emerald, Ruby) ",54.80,55.80,58.80,60.80,60.80,60.80,x,x,64.80,,,,,,,,,,
Mono FF 1.74 Trans GEN S ,65.22,66.22,69.22,71.22,71.22,71.22,x,x,75.22,,,,,,,,,,
Mono FF 1.50 Trans Drivewear ,57.96,58.96,61.96,63.96,63.96,63.96,x,x,67.96,,,,,,,,,,
Mono FF 1.67 Trans Drivewear ,66.06,67.06,70.06,72.06,72.06,72.06,x,x,76.06,,,,,,,,,,
Mono FF 1.50 Solis ,18.73,19.73,22.73,24.73,24.73,24.73,x,23.73,28.73,,,,,,,,,,
Mono FF 1.56 Solis,17.53,18.53,21.53,23.53,23.53,23.53,x,22.53,27.53,,,,,,,,,,
Mono FF 1.60 Solis ,28.66,29.66,32.66,34.66,34.66,34.66,x,33.66,38.66,,,,,,,,,,
Mono FF 1.67 Solis ,36.90,37.90,40.90,42.90,42.90,42.90,x,41.90,46.90,,,,,,,,,,
Mono FF 1.50 NeoChromes ,23.10,24.10,27.10,29.10,29.10,29.10,x,x,33.10,,,,,,,,,,
Mono FF 1.60 NeoChromes ,38.17,39.17,42.17,44.17,44.17,44.17,x,x,48.17,,,,,,,,,,
Mono FF 1.67 NeoChromes ,42.69,43.69,46.69,48.69,48.69,48.69,x,x,52.69,,,,,,,,,,
Mono FF 1.50 TransXtract ,30.50,31.50,34.50,36.50,36.50,36.50,x,x,40.50,,,,,,,,,,
Mono FF 1.60 TransXtract ,49.09,50.09,53.09,55.09,55.09,55.09,x,x,59.09,,,,,,,,,,
Mono FF 1.67 TransXtract ,65.94,66.94,69.94,71.94,71.94,71.94,x,x,75.94,,,,,,,,,,
Mono FF 1.50 TransXtract Polarized Grey ,40.59,41.59,44.59,46.59,46.59,46.59,x,x,50.59,,,,,,,,,,
Mono FF 1.60 TransXtract Polarized Grey ,56.97,57.97,60.97,62.97,62.97,62.97,x,x,66.97,,,,,,,,,,
Mono FF 1.67 TransXtract Polarized Grey ,76.49,77.49,80.49,82.49,82.49,82.49,x,x,86.49,,,,,,,,,,
Mono FF 1.50 NuPolar ,20.58,21.58,24.58,26.58,26.58,26.58,x,x,30.58,,,,,,,,,,
Mono FF 1.60 NuPolar ,39.98,40.98,43.98,45.98,45.98,45.98,x,x,49.98,,,,,,,,,,
Mono FF 1.67 NuPolar ,62.62,63.62,66.62,68.62,68.62,68.62,x,x,72.62,,,,,,,,,,
Mono FF 174 NuPolar ,69.43,70.43,73.43,75.43,75.43,75.43,x,x,79.43,,,,,,,,,,
Mono FF 1.50 NuPolar Gradient ,20.58,21.58,24.58,26.58,26.58,26.58,x,x,30.58,,,,,,,,,,
Mono FF 1.50 NuPolar Infinite Grey ,33.48,34.48,37.48,39.48,39.48,39.48,x,x,43.48,,,,,,,,,,
Mono FF 1.50 NuPolar Tinted Universe,x,x,x,x,x,34.58,x,x,x,,,,,,,,,,
Mono FF 1.50 NuPolar Tinted Universe gradient,x,x,x,x,x,35.58,x,x,x,,,,,,,,,,
Mono FF 1.50 Polaro ,16.83,17.83,20.83,22.83,22.83,x,x,x,26.83,,,,,,,,,,
Mono FF 1.60 Polaro ,29.18,30.18,33.18,35.18,35.18,x,x,x,39.18,,,,,,,,,,
Mono FF 1.50 NuPolar MIRROR ,28.66,x,x,x,x,x,x,x,x,,,,,,,,,,
Esthetic-cut ,UC,Basis,CLARUS II,Blue PRO,Clarus Sericum UV,Achromatic,Mirror Coating,Flash to Mirror ,Ultraslik,,,,,,,,,,
Esthetic-cut  1.50 ,11.47,12.47,15.47,17.47,17.47,17.47,16.47,x,21.47,,,,,,,,,,
Esthetic-cut  1.53 ,19.15,20.15,23.15,25.15,25.15,x,x,x,29.15,,,,,,,,,,
Esthetic-cut  1.56 ,13.49,14.49,17.49,19.49,19.49,x,x,x,23.49,,,,,,,,,,
Esthetic-cut  1.59 ,20.61,21.61,24.61,26.61,26.61,x,x,x,30.61,,,,,,,,,,
Esthetic-cut  1.60 ,21.98,22.98,25.98,27.98,27.98,27.98,26.98,x,31.98,,,,,,,,,,
Esthetic-cut  1.67 ,30.07,31.07,34.07,36.07,36.07,36.07,35.07,x,40.07,,,,,,,,,,
Esthetic-cut  1.74 ,46.64,47.64,50.64,52.64,52.64,52.64,x,x,56.64,,,,,,,,,,
Esthetic-cut  1.50 BLUE420 ,14.05,15.05,18.05,20.05,20.05,20.05,x,x,24.05,,,,,,,,,,
Esthetic-cut  1.60 BLUE420 ,25.37,26.37,29.37,31.37,31.37,31.37,x,x,35.37,,,,,,,,,,
Esthetic-cut  1.67 BLUE420 ,35.07,36.07,39.07,41.07,41.07,41.07,x,x,45.07,,,,,,,,,,
Esthetic-cut 1.50 Trans GEN S ,28.66,29.66,32.66,34.66,34.66,34.66,x,x,38.66,,,,,,,,,,
"Esthetic-cut 1.50 Trans GEN S (Sapphire,Amethyst,Amber,Emerald, Ruby) ",28.66,29.66,32.66,34.66,34.66,34.66,x,x,38.66,,,,,,,,,,
Esthetic-cut 1.53 Trans GEN S ,55.40,56.40,59.40,61.40,61.40,x,x,x,65.40,,,,,,,,,,
Esthetic-cut 1.60 Trans GEN S ,48.11,49.11,52.11,54.11,54.11,54.11,x,x,58.11,,,,,,,,,,
"Esthetic-cut 1.60 Trans GEN S (Sapphire,Amethyst,Amber,Emerald, Ruby) ",48.11,49.11,52.11,54.11,54.11,54.11,x,x,58.11,,,,,,,,,,
Esthetic-cut 1.67 Trans GEN S ,55.80,56.80,59.80,61.80,61.80,61.80,x,x,65.80,,,,,,,,,,
"Esthetic-cut 1.67 Trans GEN S (Sapphire,Amethyst,Amber,Emerald, Ruby) ",55.80,56.80,59.80,61.80,61.80,61.80,x,x,65.80,,,,,,,,,,
Esthetic-cut 1.74 Trans GEN S ,66.22,67.22,70.22,72.22,72.22,72.22,x,x,76.22,,,,,,,,,,
Esthetic-cut  1.50 Trans Drivewear ,58.96,59.96,62.96,64.96,64.96,64.96,x,x,68.96,,,,,,,,,,
Esthetic-cut  1.67 Trans Drivewear ,67.06,68.06,71.06,73.06,73.06,73.06,x,x,77.06,,,,,,,,,,
Esthetic-cut  1.50 Solis ,19.73,20.73,23.73,25.73,25.73,25.73,x,24.73,29.73,,,,,,,,,,
Esthetic-cut  1.56 Solis ,18.53,19.53,22.53,24.53,24.53,24.53,x,23.53,28.53,,,,,,,,,,
Esthetic-cut  1.60 Solis ,29.66,30.66,33.66,35.66,35.66,35.66,x,34.66,39.66,,,,,,,,,,
Esthetic-cut  1.67 Solis ,37.90,38.90,41.90,43.90,43.90,43.90,x,42.90,47.90,,,,,,,,,,
Esthetic-cut  1.50 NeoChromes ,24.10,25.10,28.10,30.10,30.10,30.10,x,x,34.10,,,,,,,,,,
Esthetic-cut  1.60 NeoChromes ,39.17,40.17,43.17,45.17,45.17,45.17,x,x,49.17,,,,,,,,,,
Esthetic-cut  1.67 NeoChromes ,43.69,44.69,47.69,49.69,49.69,49.69,x,x,53.69,,,,,,,,,,
Esthetic-cut  1.50 TransXtract ,31.50,32.50,35.50,37.50,37.50,37.50,x,x,41.50,,,,,,,,,,
Esthetic-cut  1.60 TransXtract ,50.09,51.09,54.09,56.09,56.09,56.09,x,x,60.09,,,,,,,,,,
Esthetic-cut  1.67 TransXtract ,66.94,67.94,70.94,72.94,72.94,72.94,x,x,76.94,,,,,,,,,,
Esthetic-cut  1.50 TransXtract Polarized Grey ,41.59,42.59,45.59,47.59,47.59,47.59,x,x,51.59,,,,,,,,,,
Esthetic-cut  1.60 TransXtract Polarized Grey ,57.97,58.97,61.97,63.97,63.97,63.97,x,x,67.97,,,,,,,,,,
Esthetic-cut  1.67 TransXtract Polarized Grey ,77.49,78.49,81.49,83.49,83.49,83.49,x,x,87.49,,,,,,,,,,
Esthetic-cut  1.50 NuPolar ,21.58,22.58,25.58,27.58,27.58,27.58,x,x,31.58,,,,,,,,,,
Esthetic-cut  1.60 NuPolar ,40.98,41.98,44.98,46.98,46.98,46.98,x,x,50.98,,,,,,,,,,
Esthetic-cut  1.67 NuPolar ,63.62,64.62,67.62,69.62,69.62,69.62,x,x,73.62,,,,,,,,,,
Esthetic-cut  1.74 NuPolar ,70.43,71.43,74.43,76.43,76.43,76.43,x,x,80.43,,,,,,,,,,
Esthetic-cut  1.50 NuPolar Gradient ,21.58,22.58,25.58,27.58,27.58,27.58,x,x,31.58,,,,,,,,,,
Esthetic-cut  1.50 NuPolar Infinite Grey ,34.48,35.48,38.48,40.48,40.48,40.48,x,x,44.48,,,,,,,,,,
Esthetic-cut  1.50 NuPolar Tinted Universe,x,x,x,x,x,35.58,x,x,x,,,,,,,,,,
Esthetic-cut  1.50 NuPolar Tinted Universe gradient,x,x,x,x,x,36.58,x,x,x,,,,,,,,,,
Esthetic-cut  1.50 Polaro ,17.83,18.83,21.83,23.83,23.83,x,x,x,27.83,,,,,,,,,,
Esthetic-cut  1.60 Polaro ,30.18,31.18,34.18,36.18,36.18,x,x,x,40.18,,,,,,,,,,
Esthetic-cut  1.50 NuPolar MIRROR ,29.66,x,x,x,x,x,x,x,x,,,,,,,,,,
Aspheric,UC,Basis,CLARUS II,Blue PRO,Clarus Sericum UV,Achromatic,Mirror Coating,Flash to Mirror ,Ultraslik,,,,,,,,,,
Mono ASF 1.50,12.97,13.97,16.97,18.97,18.97,18.97,17.97,x,22.97,,,,,,,,,,
Mono ASF 1.60,23.48,24.48,27.48,29.48,29.48,29.48,28.48,x,33.48,,,,,,,,,,
Mono ASF 1.67 ,28.07,29.07,32.07,34.07,34.07,34.07,33.07,x,38.07,,,,,,,,,,
Mono ASF 1.74,44.64,45.64,48.64,50.64,50.64,50.64,49.64,x,54.64,,,,,,,,,,
Okos + ,UC,Basis,CLARUS II,Blue PRO,Clarus Sericum UV,Achromatic,Mirror Coating,Flash to Mirror ,Ultraslik,,,,,,,,,,
Okos+ 1.50 ,7.98,8.98,11.98,13.98,13.98,13.98,12.98,x,17.98,,,,,,,,,,
Okos+ 1.53 ,14.96,15.96,18.96,20.96,20.96,x,x,x,24.96,,,,,,,,,,
Okos+ 1.56 ,9.82,10.82,13.82,15.82,15.82,x,x,x,19.82,,,,,,,,,,
Okos+ 1.59 ,16.29,17.29,20.29,22.29,22.29,x,x,x,26.29,,,,,,,,,,
Okos+ 1.60 ,17.54,18.54,21.54,23.54,23.54,23.54,22.54,x,27.54,,,,,,,,,,
Okos+ 1.67 ,24.89,25.89,28.89,30.89,30.89,30.89,32.58,x,34.89,,,,,,,,,,
Okos+ 1.74 ,39.95,40.95,43.95,45.95,45.95,45.95,x,x,49.95,,,,,,,,,,
Okos+ 1.50 BLUE420 ,10.33,11.33,14.33,16.33,16.33,16.33,x,x,20.33,,,,,,,,,,
Okos+ 1.60 BLUE420 ,20.62,21.62,24.62,26.62,26.62,26.62,x,x,30.62,,,,,,,,,,
Okos+ 1.67 BLUE420 ,29.44,30.44,33.44,35.44,35.44,35.44,x,x,39.44,,,,,,,,,,
Okos+ 1.50 Trans GEN S ,23.77,24.77,27.77,29.77,29.77,29.77,x,x,33.77,,,,,,,,,,
"Okos+ 1.50 Trans GEN S (Sapphire,Amethyst,Amber,Emerald, Ruby) ",23.77,24.77,27.77,29.77,29.77,29.77,x,x,33.77,,,,,,,,,,
Okos+ 1.53 Trans GEN S ,48.20,49.20,52.20,54.20,54.20,x,x,x,58.20,,,,,,,,,,
Okos+ 1.60 Trans GEN S ,41.48,42.48,45.48,47.48,47.48,47.48,x,x,51.48,,,,,,,,,,
"Okos+ 1.60 Trans GEN S (Sapphire,Amethyst,Amber,Emerald, Ruby) ",41.48,42.48,45.48,47.48,47.48,47.48,x,x,51.48,,,,,,,,,,
Okos+ 1.67 Trans GEN S ,48.45,49.45,52.45,54.45,54.45,54.45,x,x,58.45,,,,,,,,,,
"Okos+ 1.67 Trans GEN S (Sapphire,Amethyst,Amber,Emerald, Ruby) ",48.45,49.45,52.45,54.45,54.45,54.45,x,x,58.45,,,,,,,,,,
Okos+ 1.74 Trans GEN S ,58.87,59.87,62.87,64.87,64.87,64.87,x,x,68.87,,,,,,,,,,
Okos+ 1.50 Trans Drivewear ,51.55,52.55,55.55,57.55,57.55,57.55,x,x,61.55,,,,,,,,,,
Okos+ 1.67 Trans Drivewear ,59.65,60.65,63.65,65.65,65.65,65.65,x,x,69.65,,,,,,,,,,
Okos+ 1.50 Solis ,15.49,16.49,19.49,21.49,21.49,21.49,x,20.49,25.49,,,,,,,,,,
Okos+ 1.56 Solis,14.29,15.29,18.29,20.29,20.29,20.29,x,19.29,24.29,,,,,,,,,,
Okos+ 1.60 Solis ,24.52,25.52,28.52,30.52,30.52,30.52,x,29.52,34.52,,,,,,,,,,
Okos+ 1.67 Solis ,32.01,33.01,36.01,38.01,38.01,38.01,x,37.01,42.01,,,,,,,,,,
Okos+ 1.50 NeoChromes ,19.46,20.46,23.46,25.46,25.46,25.46,x,x,29.46,,,,,,,,,,
Okos+ 1.60 NeoChromes ,33.16,34.16,37.16,39.16,39.16,39.16,x,x,43.16,,,,,,,,,,
Okos+ 1.67 NeoChromes ,37.27,38.27,41.27,43.27,43.27,43.27,x,x,47.27,,,,,,,,,,
Okos+ 1.50 TransXtract ,26.40,27.40,30.40,32.40,32.40,32.40,x,x,36.40,,,,,,,,,,
Okos+ 1.60 TransXtract ,43.30,44.30,47.30,49.30,49.30,49.30,x,x,53.30,,,,,,,,,,
Okos+ 1.67 TransXtract ,58.62,59.62,62.62,64.62,64.62,64.62,x,x,68.62,,,,,,,,,,
Okos+ 1.50 TransXtract Polarized Grey ,35.57,36.57,39.57,41.57,41.57,41.57,x,x,45.57,,,,,,,,,,
Okos+ 1.60 TransXtract Polarized Grey ,50.46,51.46,54.46,56.46,56.46,56.46,x,x,60.46,,,,,,,,,,
Okos+ 1.67 TransXtract Polarized Grey ,68.21,69.21,72.21,74.21,74.21,74.21,x,x,78.21,,,,,,,,,,
Okos+ 1.50 NuPolar ,17.17,18.17,21.17,23.17,23.17,23.17,x,x,27.17,,,,,,,,,,
Okos+ 1.60 NuPolar ,34.81,35.81,38.81,40.81,40.81,40.81,x,x,44.81,,,,,,,,,,
Okos+ 1.67 NuPolar ,55.39,56.39,59.39,61.39,61.39,61.39,x,x,65.39,,,,,,,,,,
Okos+ 1.74 NuPolar ,64.26,65.26,68.26,70.26,70.26,70.26,x,x,74.26,,,,,,,,,,
Okos+ 1.50 NuPolar Gradient ,17.17,18.17,21.17,23.17,23.17,23.17,x,x,27.17,,,,,,,,,,
Okos+ 1.50 NuPolar Infinite Grey ,28.90,29.90,32.90,34.90,34.90,34.90,x,x,38.90,,,,,,,,,,
Okos+ 1.50 NuPolar Tinted Universe ,x,x,x,x,x,31.17,x,x,x,,,,,,,,,,
Okos+ 1.50 NuPolar Tinted Universe gradient,x,x,x,x,x,32.17,x,x,x,,,,,,,,,,
Okos+ 1.50 Polaro ,13.76,14.76,17.76,19.76,19.76,x,x,x,23.76,,,,,,,,,,
Okos+ 1.60 Polaro ,24.99,25.99,28.99,30.99,30.99,x,x,x,34.99,,,,,,,,,,
Okos+ 1.50 NuPolar MIRROR ,24.52,x,x,x,x,x,x,x,x,,,,,,,,,,
Bifo-Bifocal,UC,Basis,CLARUS II,Blue PRO,Clarus Sericum UV,Achromatic,Mirror Coating,Flash to Mirror ,Ultraslik,,,,,,,,,,
Bifo FT-28 1.50 ,7.35,8.35,11.35,13.35,13.35,13.35,12.35,x,17.35,,,,,,,,,,
Bifo FT-28 1.67 ,20.85,21.85,24.85,26.85,26.85,26.85,25.85,x,30.85,,,,,,,,,,
Bifo FT-28 1.56 Solis ,14.33,15.33,18.33,20.33,20.33,x,x,19.33,24.33,,,,,,,,,,
Bifo Digita/Bifo Round 1.50 ,9.19,10.19,13.19,15.19,15.19,15.19,14.19,x,19.19,,,,,,,,,,
Bifo Digita/Bifo Round 1.60 ,18.74,19.74,22.74,24.74,24.74,24.74,23.74,x,28.74,,,,,,,,,,
Bifo Digita/Bifo Round 1.67 ,34.18,35.18,38.18,40.18,40.18,40.18,39.18,x,44.18,,,,,,,,,,
Bifo Digita/Bifo Round 1.50 Solis ,16.00,17.00,20.00,22.00,22.00,22.00,x,21.00,26.00,,,,,,,,,,
Bifo Digita/Bifo Round 1.56 Solis ,14.80,15.80,18.80,20.80,20.80,20.80,x,19.80,24.80,,,,,,,,,,
Bifo Digita/Bifo Round 1.60 Solis ,23.99,24.99,27.99,29.99,29.99,29.99,x,28.99,33.99,,,,,,,,,,
Bifo Digita/Bifo Round 1.67 Solis ,33.90,34.90,37.90,39.90,39.90,39.90,x,38.90,43.90,,,,,,,,,,
Bifo Digita/Bifo Round 1.50 BLUE420 ,12.86,13.86,16.86,18.86,18.86,18.86,x,x,22.86,,,,,,,,,,
Bifo Digita/Bifo Round 1.60 BLUE420 ,22.49,23.49,26.49,28.49,28.49,28.49,x,x,32.49,,,,,,,,,,
No Tense + ,UC,Basis,CLARUS II,Blue PRO,Clarus Sericum UV,Achromatic,Mirror Coating,Flash to Mirror ,Ultraslik,,,,,,,,,,
NoTense+  1.50 ,10.97,11.97,14.97,16.97,16.97,16.97,15.97,x,20.97,,,,,,,,,,
NoTense+  1.53 ,19.16,20.16,23.16,25.16,25.16,x,x,x,29.16,,,,,,,,,,
NoTense+  1.60 ,20.53,21.53,24.53,26.53,26.53,26.53,25.53,x,30.53,,,,,,,,,,
NoTense+  1.67 ,29.09,30.09,33.09,35.09,35.09,35.09,34.09,x,39.09,,,,,,,,,,
NoTense+  1.74 ,44.15,45.15,48.15,50.15,50.15,50.15,x,x,54.15,,,,,,,,,,
NoTense+  1.50 BLUE420 ,14.94,15.94,18.94,20.94,20.94,20.94,x,x,24.94,,,,,,,,,,
NoTense+  1.60 BLUE420 ,24.42,25.42,28.42,30.42,30.42,30.42,x,x,34.42,,,,,,,,,,
NoTense+  1.67 BLUE420 ,34.69,35.69,38.69,40.69,40.69,40.69,x,x,44.69,,,,,,,,,,
NoTense+ 1.50 Trans GEN S ,27.97,28.97,31.97,33.97,33.97,33.97,x,x,37.97,,,,,,,,,,
"NoTense+ 1.50 Trans GEN S (Sapphire,Amethyst,Amber,Emerald, Ruby) ",27.97,28.97,31.97,33.97,33.97,33.97,x,x,37.97,,,,,,,,,,
NoTense+ 1.53 Trans GEN S ,52.40,53.40,56.40,58.40,58.40,x,x,x,62.40,,,,,,,,,,
NoTense+ 1.60 Trans GEN S ,45.68,46.68,49.68,51.68,51.68,51.68,x,x,55.68,,,,,,,,,,
"NoTense+ 1.60 Trans GEN S (Sapphire,Amethyst,Amber,Emerald, Ruby) ",45.68,46.68,49.68,51.68,51.68,51.68,x,x,55.68,,,,,,,,,,
NoTense+ 1.67 Trans GEN S ,52.65,53.65,56.65,58.65,58.65,58.65,x,x,62.65,,,,,,,,,,
"NoTense+ 1.67 Trans GEN S (Sapphire,Amethyst,Amber,Emerald, Ruby) ",52.65,53.65,56.65,58.65,58.65,58.65,x,x,62.65,,,,,,,,,,
NoTense+ 1.74 Trans GEN S ,63.07,64.07,67.07,69.07,69.07,69.07,x,x,73.07,,,,,,,,,,
NoTense+  1.50 Trans Drivewear ,57.98,58.98,61.98,63.98,63.98,63.98,x,x,67.98,,,,,,,,,,
NoTense+  1.67 Trans Drivewear ,66.08,67.08,70.08,72.08,72.08,72.08,x,x,76.08,,,,,,,,,,
NoTense+  1.50 Solis ,14.86,15.86,18.86,20.86,20.86,20.86,x,19.86,24.86,,,,,,,,,,
NoTense+  1.56 Solis,13.66,14.66,17.66,19.66,19.66,19.66,x,18.66,23.66,,,,,,,,,,
NoTense+  1.60 Solis ,31.66,32.66,35.66,37.66,37.66,37.66,x,36.66,41.66,,,,,,,,,,
NoTense+  1.67 Solis ,44.26,45.26,48.26,50.26,50.26,50.26,x,49.26,54.26,,,,,,,,,,
NoTense+  1.50 NeoChromes ,23.66,24.66,27.66,29.66,29.66,29.66,x,x,33.66,,,,,,,,,,
NoTense+  1.60 NeoChromes ,37.36,38.36,41.36,43.36,43.36,43.36,x,x,47.36,,,,,,,,,,
NoTense+  1.67 NeoChromes ,41.47,42.47,45.47,47.47,47.47,47.47,x,x,51.47,,,,,,,,,,
NoTense+  1.50 TransXtract ,31.02,32.02,35.02,37.02,37.02,37.02,x,x,41.02,,,,,,,,,,
NoTense+  1.60 TransXtract ,47.92,48.92,51.92,53.92,53.92,53.92,x,x,57.92,,,,,,,,,,
NoTense+  1.67 TransXtract ,63.24,64.24,67.24,69.24,69.24,69.24,x,x,73.24,,,,,,,,,,
NoTense+  1.50 TransXtract Polarized Grey ,40.19,41.19,44.19,46.19,46.19,46.19,x,x,50.19,,,,,,,,,,
NoTense+  1.60 TransXtract Polarized Grey ,55.08,56.08,59.08,61.08,61.08,61.08,x,x,65.08,,,,,,,,,,
NoTense+  1.67 TransXtract Polarized Grey ,72.83,73.83,76.83,78.83,78.83,78.83,x,x,82.83,,,,,,,,,,
NoTense+  1.50 NuPolar ,15.17,16.17,19.17,21.17,21.17,21.17,x,x,25.17,,,,,,,,,,
NoTense+  1.60 NuPolar ,24.73,25.73,28.73,30.73,30.73,30.73,x,x,34.73,,,,,,,,,,
NoTense+  1.67 NuPolar ,29.62,30.62,33.62,35.62,35.62,35.62,x,x,39.62,,,,,,,,,,
NoTense+  1.7NuPolar ,44.62,45.62,48.62,50.62,50.62,50.62,x,x,54.62,,,,,,,,,,
NoTense+  1.50 NuPolar Gradient ,15.17,16.17,19.17,21.17,21.17,21.17,x,x,25.17,,,,,,,,,,
NoTense+  1.50 NuPolar Infinite Grey ,35.72,36.72,39.72,41.72,41.72,41.72,x,x,45.72,,,,,,,,,,
NoTense+ 1.50 NuPolar Tinted Universe,x,x,x,x,x,29.17,x,x,x,,,,,,,,,,
NoTense+ 1.50 NuPolar Tinted Universe gradient,x,x,x,x,x,30.17,x,x,x,,,,,,,,,,
NoTense+  1.50 NuPolar MIRROR ,26.62,x,x,x,x,x,x,x,x,,,,,,,,,,
Office,UC,Basis,CLARUS II,Blue PRO,Clarus Sericum UV,Achromatic,Mirror Coating,Flash to Mirror ,Ultraslik,,,,,,,,,,
Office/Vide 1.50 ,11.39,12.39,15.39,17.39,17.39,17.39,16.39,x,21.39,,,,,,,,,,
Office/Vide 1.53 ,19.58,20.58,23.58,25.58,25.58,x,x,x,29.58,,,,,,,,,,
Office/Vide 1.59 ,20.91,21.91,24.91,26.91,26.91,x,x,x,30.91,,,,,,,,,,
Office/Vide 1.60 ,18.89,19.89,22.89,24.89,24.89,24.89,23.89,x,28.89,,,,,,,,,,
Office/Vide 1.67 ,27.45,28.45,31.45,33.45,33.45,33.45,32.45,x,37.45,,,,,,,,,,
Office/Vide 1.50 BLUE420 ,15.95,16.95,19.95,21.95,21.95,21.95,x,x,25.95,,,,,,,,,,
Office/Vide 1.60 BLUE420 ,22.67,23.67,26.67,28.67,28.67,28.67,x,x,32.67,,,,,,,,,,
Office/Vide 1.67 BLUE420 ,32.94,33.94,36.94,38.94,38.94,38.94,x,x,42.94,,,,,,,,,,
Camber Office,UC,Basis,CLARUS II,Blue PRO,Clarus Sericum UV,Achromatic,Mirror Coating,Flash to Mirror ,Ultraslik,,,,,,,,,,
Camber Office 1.50 ,28.49,29.49,32.49,34.49,34.49,34.49,x,x,38.49,,,,,,,,,,
Camber Office 1.53 ,48.96,49.96,52.96,54.96,54.96,x,x,x,58.96,,,,,,,,,,
Camber Office 1.59 ,52.27,53.27,56.27,58.27,58.27,x,x,x,62.27,,,,,,,,,,
Camber Office 1.60 ,47.23,48.23,51.23,53.23,53.23,53.23,x,x,57.23,,,,,,,,,,
Camber Office 1.67 ,68.62,69.62,72.62,74.62,74.62,74.62,x,x,78.62,,,,,,,,,,
Camber Office 1.74 ,98.81,99.81,102.81,104.81,104.81,104.81,x,x,108.81,,,,,,,,,,
Camber Office 1.60 UV420 ,48.73,49.73,52.73,54.73,54.73,54.73,x,x,58.73,,,,,,,,,,
Camber Office 1.67 UV420 ,70.62,71.62,74.62,76.62,76.62,76.62,x,x,80.62,,,,,,,,,,
Camber Office 1.74 UV420,101.31,102.31,105.31,107.31,107.31,107.31,x,x,111.31,,,,,,,,,,
Natura,UC,Basis,CLARUS II,Blue PRO,Clarus Sericum UV,Achromatic,Mirror Coating,Flash to Mirror ,Ultraslik,,,,,,,,,,
Natura 1.50 ,17.27,18.27,21.27,23.27,23.27,23.27,22.27,x,27.27,,,,,,,,,,
Natura 1.53 ,31.24,32.24,35.24,37.24,37.24,x,x,x,41.24,,,,,,,,,,
Natura 1.56 ,19.11,20.11,23.11,25.11,25.11,x,x,x,29.11,,,,,,,,,,
Natura 1.59 ,24.62,25.62,28.62,30.62,30.62,x,x,x,34.62,,,,,,,,,,
Natura 1.60 ,26.83,27.83,30.83,32.83,32.83,32.83,31.83,x,36.83,,,,,,,,,,
Natura 1.67 ,34.18,35.18,38.18,40.18,40.18,40.18,39.18,x,44.18,,,,,,,,,,
Natura 1.74 ,53.29,54.29,57.29,59.29,59.29,59.29,x,x,63.29,,,,,,,,,,
Natura 1.50 Solis ,22.18,23.18,26.18,28.18,28.18,28.18,x,27.18,32.18,,,,,,,,,,
Natura 1.56 Solis ,20.98,21.98,24.98,26.98,26.98,26.98,x,25.98,30.98,,,,,,,,,,
Natura 1.60 Solis ,35.25,36.25,39.25,41.25,41.25,41.25,x,40.25,45.25,,,,,,,,,,
Natura 1.67 Solis ,43.81,44.81,47.81,49.81,49.81,49.81,x,48.81,53.81,,,,,,,,,,
Natura 1.50 NeoChromes ,30.73,31.73,34.73,36.73,36.73,36.73,x,x,40.73,,,,,,,,,,
Natura 1.60 NeoChromes ,44.15,45.15,48.15,50.15,50.15,50.15,x,x,54.15,,,,,,,,,,
Natura 1.67 NeoChromes ,52.81,53.81,56.81,58.81,58.81,58.81,x,x,62.81,,,,,,,,,,
Natura 1.50 BLUE420 ,24.62,25.62,28.62,30.62,30.62,30.62,x,x,34.62,,,,,,,,,,
Natura 1.60 BLUE420 ,32.19,33.19,36.19,38.19,38.19,38.19,x,x,42.19,,,,,,,,,,
Natura 1.67 BLUE420 ,41.01,42.01,45.01,47.01,47.01,47.01,x,x,51.01,,,,,,,,,,
Natura 1.50 Trans GEN S ,35.04,36.04,39.04,41.04,41.04,41.04,x,x,45.04,,,,,,,,,,
"Natura 1.50 Trans GEN S (Sapphire,Amethyst,Amber,Emerald, Ruby) ",35.04,36.04,39.04,41.04,41.04,41.04,x,x,45.04,,,,,,,,,,
Natura 1.53 Trans GEN S ,46.10,47.10,50.10,52.10,52.10,x,x,x,56.10,,,,,,,,,,
Natura 1.60 Trans GEN S ,52.47,53.47,56.47,58.47,58.47,58.47,x,x,62.47,,,,,,,,,,
"Natura 1.60 Trans GEN S (Sapphire,Amethyst,Amber,Emerald, Ruby) ",52.47,53.47,56.47,58.47,58.47,58.47,x,x,62.47,,,,,,,,,,
Natura 1.67 Trans GEN S ,63.99,64.99,67.99,69.99,69.99,69.99,x,x,73.99,,,,,,,,,,
"Natura 1.67 Trans GEN S (Sapphire,Amethyst,Amber,Emerald, Ruby) ",63.99,64.99,67.99,69.99,69.99,69.99,x,x,73.99,,,,,,,,,,
Natura 1.74 Trans GEN S ,74.41,75.41,78.41,80.41,80.41,80.41,x,x,84.41,,,,,,,,,,
Natura 1.50 Trans Drivewear ,69.66,70.66,73.66,75.66,75.66,75.66,x,x,79.66,,,,,,,,,,
Natura 1.67 Trans Drivewear ,77.76,78.76,81.76,83.76,83.76,83.76,x,x,87.76,,,,,,,,,,
Natura 1.50 TransXtract ,44.13,45.13,48.13,50.13,50.13,50.13,x,x,54.13,,,,,,,,,,
Natura 1.60 TransXtract ,59.02,60.02,63.02,65.02,65.02,65.02,x,x,69.02,,,,,,,,,,
Natura 1.67 TransXtract ,72.88,73.88,76.88,78.88,78.88,78.88,x,x,82.88,,,,,,,,,,
Natura 1.50 TransXtract Polarized Grey ,53.32,54.32,57.32,59.32,59.32,59.32,x,x,63.32,,,,,,,,,,
Natura 1.60 TransXtract Polarized Grey ,66.18,67.18,70.18,72.18,72.18,72.18,x,x,76.18,,,,,,,,,,
Natura 1.67 TransXtract Polarized Grey ,82.47,83.47,86.47,88.47,88.47,88.47,x,x,92.47,,,,,,,,,,
Natura 1.50 NuPolar ,33.44,34.44,37.44,39.44,39.44,39.44,x,x,43.44,,,,,,,,,,
Natura 1.60 NuPolar ,55.49,56.49,59.49,61.49,61.49,61.49,x,x,65.49,,,,,,,,,,
Natura 1.67 NuPolar ,76.81,77.81,80.81,82.81,82.81,82.81,x,x,86.81,,,,,,,,,,
Natura 1.74 NuPolar ,84.94,85.94,88.94,90.94,90.94,90.94,x,x,94.94,,,,,,,,,,
Natura 1.50 NuPolar Gradient ,33.44,34.44,37.44,39.44,39.44,39.44,x,x,43.44,,,,,,,,,,
Natura 1.50 NuPolar Infinite Grey ,47.41,48.41,51.41,53.41,53.41,53.41,x,x,57.41,,,,,,,,,,
Natura 1.50 NuPolar Tinted Universe,x,x,x,x,x,47.44,x,x,x,,,,,,,,,,
Natura 1.50 NuPolar Tinted Universe gradient,x,x,x,x,x,48.44,x,x,x,,,,,,,,,,
Promo Lens,UC,Basis,CLARUS II,Blue PRO,Clarus Sericum UV,Achromatic,Mirror Coating,Flash to Mirror ,Ultraslik,,,,,,,,,,
Promo Lens 1.50 ,9.87,10.87,13.87,15.87,15.87,15.87,14.87,x,19.87,,,,,,,,,,
Promo Lens 1.53 ,17.85,18.85,21.85,23.85,23.85,x,x,x,27.85,,,,,,,,,,
Promo Lens 1.56 ,10.92,11.92,14.92,16.92,16.92,x,x,x,20.92,,,,,,,,,,
Promo Lens 1.60 ,15.33,16.33,19.33,21.33,21.33,21.33,20.33,x,25.33,,,,,,,,,,
Promo Lens 1.67 ,19.53,20.53,23.53,25.53,25.53,25.53,24.53,x,29.53,,,,,,,,,,
Promo Lens 1.74 ,30.45,31.45,34.45,36.45,36.45,36.45,x,x,40.45,,,,,,,,,,
Promo Lens 1.50 Trans GEN S ,20.80,21.80,24.80,26.80,26.80,26.80,x,x,30.80,,,,,,,,,,
"Promo Lens 1.50 Trans GEN S (Sapphire,Amethyst,Amber,Emerald, Ruby) ",20.80,21.80,24.80,26.80,26.80,26.80,x,x,30.80,,,,,,,,,,
Promo Lens 1.53 Trans GEN S ,27.67,28.67,31.67,33.67,33.67,x,x,x,37.67,,,,,,,,,,
Promo Lens 1.60 Trans GEN S ,30.89,31.89,34.89,36.89,36.89,36.89,x,x,40.89,,,,,,,,,,
"Promo Lens 1.60 Trans GEN S (Sapphire,Amethyst,Amber,Emerald, Ruby) ",30.89,31.89,34.89,36.89,36.89,36.89,x,x,40.89,,,,,,,,,,
Promo Lens 1.67 Trans GEN S ,37.37,38.37,41.37,43.37,43.37,43.37,x,x,47.37,,,,,,,,,,
"Promo Lens 1.67 Trans GEN S (Sapphire,Amethyst,Amber,Emerald, Ruby) ",37.37,38.37,41.37,43.37,43.37,43.37,x,x,47.37,,,,,,,,,,
Promo Lens 1.74 Trans GEN S ,47.79,48.79,51.79,53.79,53.79,53.79,x,x,57.79,,,,,,,,,,
Promo Lens 1.50 Solis ,12.67,13.67,16.67,18.67,18.67,18.67,x,17.67,22.67,,,,,,,,,,
Promo Lens 1.56 Solis ,11.47,12.47,15.47,17.47,17.47,17.47,x,16.47,21.47,,,,,,,,,,
Promo Lens 1.60 Solis ,20.14,21.14,24.14,26.14,26.14,26.14,x,25.14,30.14,,,,,,,,,,
Promo Lens 1.67 Solis ,25.22,26.22,29.22,31.22,31.22,31.22,x,30.22,35.22,,,,,,,,,,
Promo Lens 1.50 NeoChromes ,16.49,17.49,20.49,22.49,22.49,22.49,x,x,26.49,,,,,,,,,,
Promo Lens 1.60 NeoChromes ,22.57,23.57,26.57,28.57,28.57,28.57,x,x,32.57,,,,,,,,,,
Promo Lens 1.67 NeoChromes ,26.19,27.19,30.19,32.19,32.19,32.19,x,x,36.19,,,,,,,,,,
Promo Lens 1.50 BLUE420 ,13.82,14.82,17.82,19.82,19.82,19.82,x,x,23.82,,,,,,,,,,
Promo Lens 1.60 BLUE420 ,18.40,19.40,22.40,24.40,24.40,24.40,x,x,28.40,,,,,,,,,,
Promo Lens 1.67 BLUE420 ,23.44,24.44,27.44,29.44,29.44,29.44,x,x,33.44,,,,,,,,,,
Promo Lens 1.50 TransXtract ,25.22,26.22,29.22,31.22,31.22,31.22,x,x,35.22,,,,,,,,,,
Promo Lens 1.60 TransXtract ,33.73,34.73,37.73,39.73,39.73,39.73,x,x,43.73,,,,,,,,,,
Promo Lens 1.67 TransXtract ,41.65,42.65,45.65,47.65,47.65,47.65,x,x,51.65,,,,,,,,,,
Full Screen,UC,Basis,CLARUS II,Blue PRO,Clarus Sericum UV,Achromatic,Mirror Coating,Flash to Mirror ,Ultraslik,,,,,,,,,,
Full Screen 1.50 ,26.88,27.88,30.88,32.88,32.88,32.88,31.88,x,36.88,,,,,,,,,,
Full Screen 1.53 ,42.89,43.89,46.89,48.89,48.89,x,x,x,52.89,,,,,,,,,,
Full Screen 1.56 ,28.63,29.63,32.63,34.63,34.63,x,x,x,38.63,,,,,,,,,,
Full Screen 1.59 ,39.40,40.40,43.40,45.40,45.40,x,x,x,49.40,,,,,,,,,,
Full Screen 1.60 ,39.40,40.40,43.40,45.40,45.40,45.40,44.40,x,49.40,,,,,,,,,,
Full Screen 1.67 ,47.08,48.08,51.08,53.08,53.08,53.08,52.08,x,57.08,,,,,,,,,,
Full Screen 1.74 ,68.03,69.03,72.03,74.03,74.03,74.03,x,x,78.03,,,,,,,,,,
Full Screen 1.50 Solis ,31.92,32.92,35.92,37.92,37.92,37.92,x,36.92,41.92,,,,,,,,,,
Full Screen 1.56 Solis ,30.72,31.72,34.72,36.72,36.72,36.72,x,35.72,40.72,,,,,,,,,,
Full Screen 1.60 Solis ,46.19,47.19,50.19,52.19,52.19,52.19,x,51.19,56.19,,,,,,,,,,
Full Screen 1.67 Solis ,53.19,54.19,57.19,59.19,59.19,59.19,x,58.19,63.19,,,,,,,,,,
Full Screen 1.50 NeoChromes ,43.13,44.13,47.13,49.13,49.13,49.13,x,x,53.13,,,,,,,,,,
Full Screen 1.60 NeoChromes ,56.94,57.94,60.94,62.94,62.94,62.94,x,x,66.94,,,,,,,,,,
Full Screen 1.67 NeoChromes ,62.92,63.92,66.92,68.92,68.92,68.92,x,x,72.92,,,,,,,,,,
Full Screen 1.50 BLUE420 ,37.63,38.63,41.63,43.63,43.63,43.63,x,x,47.63,,,,,,,,,,
Full Screen 1.60 BLUE420 ,47.27,48.27,51.27,53.27,53.27,53.27,x,x,57.27,,,,,,,,,,
Full Screen 1.67 BLUE420 ,56.49,57.49,60.49,62.49,62.49,62.49,x,x,66.49,,,,,,,,,,
Full Screen 1.50 Trans GEN S ,47.44,48.44,51.44,53.44,53.44,53.44,x,x,57.44,,,,,,,,,,
"Full Screen 1.50 Trans GEN S (Sapphire,Amethyst,Amber,Emerald, Ruby) ",47.44,48.44,51.44,53.44,53.44,53.44,x,x,57.44,,,,,,,,,,
Full Screen 1.53 Trans GEN S ,53.67,54.67,57.67,59.67,59.67,x,x,x,63.67,,,,,,,,,,
Full Screen 1.60 Trans GEN S ,65.26,66.26,69.26,71.26,71.26,71.26,x,x,75.26,,,,,,,,,,
"Full Screen 1.60 Trans GEN S (Sapphire,Amethyst,Amber,Emerald, Ruby) ",65.26,66.26,69.26,71.26,71.26,71.26,x,x,75.26,,,,,,,,,,
Full Screen 1.67 Trans GEN S ,74.10,75.10,78.10,80.10,80.10,80.10,x,x,84.10,,,,,,,,,,
"Full Screen 1.67 Trans GEN S (Sapphire,Amethyst,Amber,Emerald, Ruby) ",74.10,75.10,78.10,80.10,80.10,80.10,x,x,84.10,,,,,,,,,,
Full Screen 1.74 Trans GEN S ,84.52,85.52,88.52,90.52,90.52,90.52,x,x,94.52,,,,,,,,,,
Full Screen 1.50 Trans Drivewear ,87.71,88.71,91.71,93.71,93.71,93.71,x,x,97.71,,,,,,,,,,
Full Screen 1.67 Trans Drivewear ,95.81,96.81,99.81,101.81,101.81,101.81,x,x,105.81,,,,,,,,,,
Full Screen 1.50 TransXtract ,51.36,52.36,55.36,57.36,57.36,57.36,x,x,61.36,,,,,,,,,,
Full Screen 1.60 TransXtract ,71.36,72.36,75.36,77.36,77.36,77.36,x,x,81.36,,,,,,,,,,
Full Screen 1.67 TransXtract ,81.45,82.45,85.45,87.45,87.45,87.45,x,x,91.45,,,,,,,,,,
Full Screen 1.50 TransXtract Polarized Grey ,60.53,61.53,64.53,66.53,66.53,66.53,x,x,70.53,,,,,,,,,,
Full Screen 1.60 TransXtract Polarized Grey ,78.52,79.52,82.52,84.52,84.52,84.52,x,x,88.52,,,,,,,,,,
Full Screen 1.67 TransXtract Polarized Grey ,91.04,92.04,95.04,97.04,97.04,97.04,x,x,101.04,,,,,,,,,,
Full Screen 1.50 NuPolar ,40.85,41.85,44.85,46.85,46.85,46.85,x,x,50.85,,,,,,,,,,
Full Screen 1.60 NuPolar ,65.93,66.93,69.93,71.93,71.93,71.93,x,x,75.93,,,,,,,,,,
Full Screen 1.67 NuPolar ,86.88,87.88,90.88,92.88,92.88,92.88,x,x,96.88,,,,,,,,,,
Full Screen 1.74 NuPolar ,95.38,96.38,99.38,101.38,101.38,101.38,x,x,105.38,,,,,,,,,,
Full Screen 1.50 NuPolar Gradient ,40.85,41.85,44.85,46.85,46.85,46.85,x,x,50.85,,,,,,,,,,
Full Screen 1.50 NuPolar Infinite Grey ,65.46,66.46,69.46,71.46,71.46,71.46,x,x,75.46,,,,,,,,,,
Full Screen 1.50 NuPolar Tinted Universe,x,x,x,x,x,54.85,x,x,x,,,,,,,,,,
Full Screen 1.50 NuPolar Tinted Universe gradient,x,x,x,x,x,55.85,x,x,x,,,,,,,,,,
Multifit + Hard (H),UC,Basis,CLARUS II,Blue PRO,Clarus Sericum UV,Achromatic,Mirror Coating,Flash to Mirror ,Ultraslik,,,,,,,,,,
MultiFit+ 1.50 ,28.30,29.30,32.30,34.30,34.30,34.30,33.30,x,38.30,,,,,,,,,,
MultiFit+ 1.53 ,45.20,46.20,49.20,51.20,51.20,x,x,x,55.20,,,,,,,,,,
MultiFit+ 1.56 ,30.14,31.14,34.14,36.14,36.14,x,x,x,40.14,,,,,,,,,,
MultiFit+ 1.59 ,41.53,42.53,45.53,47.53,47.53,x,x,x,51.53,,,,,,,,,,
MultiFit+ 1.60 ,41.53,42.53,45.53,47.53,47.53,47.53,46.53,x,51.53,,,,,,,,,,
MultiFit+ 1.67 ,49.61,50.61,53.61,55.61,55.61,55.61,54.61,x,59.61,,,,,,,,,,
MultiFit+ 1.74 ,71.66,72.66,75.66,77.66,77.66,77.66,x,x,81.66,,,,,,,,,,
MultiFit+ 1.50 Solis ,34.40,35.40,38.40,40.40,40.40,40.40,x,39.40,44.40,,,,,,,,,,
MultiFit+ 1.56 Solis ,33.20,34.20,37.20,39.20,39.20,39.20,x,38.20,43.20,,,,,,,,,,
MultiFit+ 1.60 Solis ,50.27,51.27,54.27,56.27,56.27,56.27,x,55.27,60.27,,,,,,,,,,
MultiFit+ 1.67 Solis ,58.31,59.31,62.31,64.31,64.31,64.31,x,63.31,68.31,,,,,,,,,,
MultiFit+ 1.50 NeoChromes ,45.43,46.43,49.43,51.43,51.43,51.43,x,x,55.43,,,,,,,,,,
MultiFit+ 1.60 NeoChromes ,60.32,61.32,64.32,66.32,66.32,66.32,x,x,70.32,,,,,,,,,,
MultiFit+ 1.67 NeoChromes ,66.77,67.77,70.77,72.77,72.77,72.77,x,x,76.77,,,,,,,,,,
MultiFit+ 1.50 BLUE420 ,39.62,40.62,43.62,45.62,45.62,45.62,x,x,49.62,,,,,,,,,,
MultiFit+ 1.60 BLUE420 ,49.83,50.83,53.83,55.83,55.83,55.83,x,x,59.83,,,,,,,,,,
MultiFit+ 1.67 BLUE420 ,59.54,60.54,63.54,65.54,65.54,65.54,x,x,69.54,,,,,,,,,,
MultiFit+ 1.50 Trans GEN S ,49.74,50.74,53.74,55.74,55.74,55.74,x,x,59.74,,,,,,,,,,
"MultiFit+ 1.50 Trans GEN S (Sapphire,Amethyst,Amber,Emerald, Ruby) ",49.74,50.74,53.74,55.74,55.74,55.74,x,x,59.74,,,,,,,,,,
MultiFit+ 1.53 Trans GEN S ,56.39,57.39,60.39,62.39,62.39,x,x,x,66.39,,,,,,,,,,
MultiFit+ 1.60 Trans GEN S ,68.64,69.64,72.64,74.64,74.64,74.64,x,x,78.64,,,,,,,,,,
"MultiFit+ 1.60 Trans GEN S (Sapphire,Amethyst,Amber,Emerald, Ruby) ",68.64,69.64,72.64,74.64,74.64,74.64,x,x,78.64,,,,,,,,,,
MultiFit+ 1.67 Trans GEN S ,77.95,78.95,81.95,83.95,83.95,83.95,x,x,87.95,,,,,,,,,,
"MultiFit+ 1.67 Trans GEN S (Sapphire,Amethyst,Amber,Emerald, Ruby) ",77.95,78.95,81.95,83.95,83.95,83.95,x,x,87.95,,,,,,,,,,
MultiFit + 1.74 Trans GEN S ,88.37,89.37,92.37,94.37,94.37,94.37,x,x,98.37,,,,,,,,,,
MultiFit+ 1.50 Trans Drivewear ,91.17,92.17,95.17,97.17,97.17,97.17,x,x,101.17,,,,,,,,,,
MultiFit+ 1.67 Trans Drivewear ,99.27,100.27,103.27,105.27,105.27,105.27,x,x,109.27,,,,,,,,,,
MultiFit+ 1.50 TransXtract ,54.00,55.00,58.00,60.00,60.00,60.00,x,x,64.00,,,,,,,,,,
MultiFit+ 1.60 TransXtract ,75.19,76.19,79.19,81.19,81.19,81.19,x,x,85.19,,,,,,,,,,
MultiFit+ 1.67 TransXtract ,85.82,86.82,89.82,91.82,91.82,91.82,x,x,95.82,,,,,,,,,,
MultiFit+ 1.50 TransXtract Polarized Grey ,63.18,64.18,67.18,69.18,69.18,69.18,x,x,73.18,,,,,,,,,,
MultiFit+ 1.60 TransXtract Polarized Grey ,82.35,83.35,86.35,88.35,88.35,88.35,x,x,92.35,,,,,,,,,,
MultiFit+ 1.67 TransXtract Polarized Grey ,95.40,96.40,99.40,101.40,101.40,101.40,x,x,105.40,,,,,,,,,,
MultiFit+ 1.50 NuPolar ,43.00,44.00,47.00,49.00,49.00,49.00,x,x,53.00,,,,,,,,,,
MultiFit+ 1.60 NuPolar ,69.46,70.46,73.46,75.46,75.46,75.46,x,x,79.46,,,,,,,,,,
MultiFit+ 1.67 NuPolar ,91.51,92.51,95.51,97.51,97.51,97.51,x,x,101.51,,,,,,,,,,
MultiFit+ 1.74 NuPolar ,98.91,99.91,102.91,104.91,104.91,104.91,x,x,108.91,,,,,,,,,,
MultiFit+ 1.50 NuPolar Gradient ,43.00,44.00,47.00,49.00,49.00,49.00,x,x,53.00,,,,,,,,,,
MultiFit+ 1.50 NuPolar Infinite Grey ,68.91,69.91,72.91,74.91,74.91,74.91,x,x,78.91,,,,,,,,,,
MultiFit+ 1.50 NuPolar Tinted Universe,x,x,x,x,x,57.00,x,x,x,,,,,,,,,,
MultiFit+ 1.50 NuPolar Tinted Universe gradient,x,x,x,x,x,58.00,x,x,x,,,,,,,,,,
Velveto +,UC,Basis,CLARUS II,Blue PRO,Clarus Sericum UV,Achromatic,Mirror Coating,Flash to Mirror ,Ultraslik,,,,,,,,,,
Velveto+ 1.50 ,36.79,37.79,40.79,42.79,42.79,42.79,41.79,x,46.79,,,,,,,,,,
Velveto+ 1.53 ,58.77,59.77,62.77,64.77,64.77,x,x,x,68.77,,,,,,,,,,
Velveto+ 1.56 ,39.18,40.18,43.18,45.18,45.18,x,x,x,49.18,,,,,,,,,,
Velveto+ 1.59 ,53.99,54.99,57.99,59.99,59.99,x,x,x,63.99,,,,,,,,,,
Velveto+ 1.60 ,53.99,54.99,57.99,59.99,59.99,59.99,58.99,x,63.99,,,,,,,,,,
Velveto+ 1.67 ,64.50,65.50,68.50,70.50,70.50,70.50,69.50,x,74.50,,,,,,,,,,
Velveto+ 1.74 ,93.17,94.17,97.17,99.17,99.17,99.17,x,x,103.17,,,,,,,,,,
Velveto+ 1.50 Solis ,44.72,45.72,48.72,50.72,50.72,50.72,x,49.72,54.72,,,,,,,,,,
Velveto+ 1.56 Solis ,43.52,44.52,47.52,49.52,49.52,49.52,x,48.52,53.52,,,,,,,,,,
Velveto+ 1.60 Solis ,65.35,66.35,69.35,71.35,71.35,71.35,x,70.35,75.35,,,,,,,,,,
Velveto+ 1.67 Solis ,75.79,76.79,79.79,81.79,81.79,81.79,x,80.79,85.79,,,,,,,,,,
Velveto+ 1.50 NeoChromes ,59.22,60.22,63.22,65.22,65.22,65.22,x,x,69.22,,,,,,,,,,
Velveto+ 1.60 NeoChromes ,80.28,81.28,84.28,86.28,86.28,86.28,x,x,90.28,,,,,,,,,,
Velveto+ 1.67 NeoChromes ,89.60,90.60,93.60,95.60,95.60,95.60,x,x,99.60,,,,,,,,,,
Velveto+ 1.50 BLUE420 ,51.50,52.50,55.50,57.50,57.50,57.50,x,x,61.50,,,,,,,,,,
Velveto+ 1.60 BLUE420 ,64.79,65.79,68.79,70.79,70.79,70.79,x,x,74.79,,,,,,,,,,
Velveto+ 1.67 BLUE420 ,77.40,78.40,81.40,83.40,83.40,83.40,x,x,87.40,,,,,,,,,,
Velveto+ 1.50 Trans GEN S ,63.53,64.53,67.53,69.53,69.53,69.53,x,x,73.53,,,,,,,,,,
"Velveto+ 1.50 Trans GEN S (Sapphire,Amethyst,Amber,Emerald, Ruby) ",63.53,64.53,67.53,69.53,69.53,69.53,x,x,73.53,,,,,,,,,,
Velveto+ 1.53 Trans GEN S ,72.38,73.38,76.38,78.38,78.38,x,x,x,82.38,,,,,,,,,,
Velveto+ 1.60 Trans GEN S ,88.60,89.60,92.60,94.60,94.60,94.60,x,x,98.60,,,,,,,,,,
"Velveto+ 1.60 Trans GEN S (Sapphire,Amethyst,Amber,Emerald, Ruby) ",88.60,89.60,92.60,94.60,94.60,94.60,x,x,98.60,,,,,,,,,,
Velveto+ 1.67 Trans GEN S ,100.78,101.78,104.78,106.78,106.78,106.78,x,x,110.78,,,,,,,,,,
"Velveto+ 1.67 Trans GEN S (Sapphire,Amethyst,Amber,Emerald, Ruby) ",100.78,101.78,104.78,106.78,106.78,106.78,x,x,110.78,,,,,,,,,,
Velveto+ 1.74 Trans GEN S ,111.20,112.20,115.20,117.20,117.20,117.20,x,x,121.20,,,,,,,,,,
Velveto+ 1.50 Trans Drivewear ,111.84,112.84,115.84,117.84,117.84,117.84,x,x,121.84,,,,,,,,,,
Velveto+ 1.67 Trans Drivewear ,119.94,120.94,123.94,125.94,125.94,125.94,x,x,129.94,,,,,,,,,,
Velveto+ 1.50 TransXtract ,69.89,70.89,73.89,75.89,75.89,75.89,x,x,79.89,,,,,,,,,,
Velveto+ 1.60 TransXtract ,97.26,98.26,101.26,103.26,103.26,103.26,x,x,107.26,,,,,,,,,,
Velveto+ 1.67 TransXtract ,111.04,112.04,115.04,117.04,117.04,117.04,x,x,121.04,,,,,,,,,,
Velveto+ 1.50 TransXtract Polarized Grey ,79.08,80.08,83.08,85.08,85.08,85.08,x,x,89.08,,,,,,,,,,
Velveto+ 1.60 TransXtract Polarized Grey ,104.42,105.42,108.42,110.42,110.42,110.42,x,x,114.42,,,,,,,,,,
Velveto+ 1.67 TransXtract Polarized Grey ,120.62,121.62,124.62,126.62,126.62,126.62,x,x,130.62,,,,,,,,,,
Velveto+ 1.50 NuPolar ,55.90,56.90,59.90,61.90,61.90,61.90,x,x,65.90,,,,,,,,,,
Velveto+ 1.60 NuPolar ,90.30,91.30,94.30,96.30,96.30,96.30,x,x,100.30,,,,,,,,,,
Velveto+ 1.67 NuPolar ,118.96,119.96,122.96,124.96,124.96,124.96,x,x,128.96,,,,,,,,,,
Velveto+ 1.74 NuPolar ,137.96,138.96,141.96,143.96,143.96,143.96,x,x,147.96,,,,,,,,,,
Velveto+ 1.50 NuPolar Gradient ,55.90,56.90,59.90,61.90,61.90,61.90,x,x,65.90,,,,,,,,,,
Velveto+ 1.50 NuPolar Infinite Grey ,89.59,90.59,93.59,95.59,95.59,95.59,x,x,99.59,,,,,,,,,,
Velveto+ 1.50 NuPolar Tinted Universe,x,x,x,x,x,69.90,x,x,x,,,,,,,,,,
Velveto+ 1.50 NuPolar Tinted Universe gradient,x,x,x,x,x,70.90,x,x,x,,,,,,,,,,
Velveto+ 1.50 NuPolar MIRROR ,63.25,x,x,x,x,x,x,x,x,,,,,,,,,,
Velveto Select  (FAR_Near_Balance),UC,Basis,CLARUS II,Blue PRO,Clarus Sericum UV,Achromatic,Mirror Coating,Flash to Mirror ,Ultraslik,,,,,,,,,,
Velveto Select  1.50 ,37.79,38.79,41.79,43.79,43.79,43.79,42.79,x,47.79,,,,,,,,,,
Velveto Select  1.53 ,59.77,60.77,63.77,65.77,65.77,x,x,x,69.77,,,,,,,,,,
Velveto Select  1.56 ,40.18,41.18,44.18,46.18,46.18,x,x,x,50.18,,,,,,,,,,
Velveto Select  1.59 ,54.99,55.99,58.99,60.99,60.99,x,x,x,64.99,,,,,,,,,,
Velveto Select  1.60 ,54.99,55.99,58.99,60.99,60.99,60.99,59.99,x,64.99,,,,,,,,,,
Velveto Select  1.67 ,65.50,66.50,69.50,71.50,71.50,71.50,70.50,x,75.50,,,,,,,,,,
Velveto Select  1.74 ,94.17,95.17,98.17,100.17,100.17,100.17,x,x,104.17,,,,,,,,,,
Velveto Select  1.50 Solis ,45.72,46.72,49.72,51.72,51.72,51.72,x,50.72,55.72,,,,,,,,,,
Velveto Select  1.56 Solis ,44.52,45.52,48.52,50.52,50.52,50.52,x,49.52,54.52,,,,,,,,,,
Velveto Select  1.60 Solis ,66.35,67.35,70.35,72.35,72.35,72.35,x,71.35,76.35,,,,,,,,,,
Velveto Select  1.67 Solis ,76.79,77.79,80.79,82.79,82.79,82.79,x,81.79,86.79,,,,,,,,,,
Velveto Select  1.50 NeoChromes ,60.22,61.22,64.22,66.22,66.22,66.22,x,x,70.22,,,,,,,,,,
Velveto Select  1.60 NeoChromes ,81.28,82.28,85.28,87.28,87.28,87.28,x,x,91.28,,,,,,,,,,
Velveto Select  1.67 NeoChromes ,90.60,91.60,94.60,96.60,96.60,96.60,x,x,100.60,,,,,,,,,,
Velveto Select  1.50 BLUE420 ,52.50,53.50,56.50,58.50,58.50,58.50,x,x,62.50,,,,,,,,,,
Velveto Select  1.60 BLUE420 ,65.79,66.79,69.79,71.79,71.79,71.79,x,x,75.79,,,,,,,,,,
Velveto Select  1.67 BLUE420 ,78.40,79.40,82.40,84.40,84.40,84.40,x,x,88.40,,,,,,,,,,
Velveto Select 1.50 Trans GEN S ,64.53,65.53,68.53,70.53,70.53,70.53,x,x,74.53,,,,,,,,,,
"Velveto Select 1.50 Trans GEN S (Sapphire,Amethyst,Amber,Emerald, Ruby) ",64.53,65.53,68.53,70.53,70.53,70.53,x,x,74.53,,,,,,,,,,
Velveto Select 1.53 Trans GEN S ,73.38,74.38,77.38,79.38,79.38,x,x,x,83.38,,,,,,,,,,
Velveto Select 1.60 Trans GEN S ,89.60,90.60,93.60,95.60,95.60,95.60,x,x,99.60,,,,,,,,,,
"Velveto Select 1.60 Trans GEN S (Sapphire,Amethyst,Amber,Emerald, Ruby) ",89.60,90.60,93.60,95.60,95.60,95.60,x,x,99.60,,,,,,,,,,
Velveto Select 1.67 Trans GEN S ,101.78,102.78,105.78,107.78,107.78,107.78,x,x,111.78,,,,,,,,,,
"Velveto Select 1.67 Trans GEN S (Sapphire,Amethyst,Amber,Emerald, Ruby) ",101.78,102.78,105.78,107.78,107.78,107.78,x,x,111.78,,,,,,,,,,
Velveto Select 1.74 Trans GEN S ,112.20,113.20,116.20,118.20,118.20,118.20,x,x,122.20,,,,,,,,,,
Velveto Select  1.50 Trans Drivewear ,112.84,113.84,116.84,118.84,118.84,118.84,x,x,122.84,,,,,,,,,,
Velveto Select  1.67 Trans Drivewear ,120.94,121.94,124.94,126.94,126.94,126.94,x,x,130.94,,,,,,,,,,
Velveto Select  1.50 TransXtract ,70.89,71.89,74.89,76.89,76.89,76.89,x,x,80.89,,,,,,,,,,
Velveto Select  1.60 TransXtract ,98.26,99.26,102.26,104.26,104.26,104.26,x,x,108.26,,,,,,,,,,
Velveto Select  1.67 TransXtract ,112.04,113.04,116.04,118.04,118.04,118.04,x,x,122.04,,,,,,,,,,
Velveto Select  1.50 TransXtract Polarized Grey ,80.08,81.08,84.08,86.08,86.08,86.08,x,x,90.08,,,,,,,,,,
Velveto Select  1.60 TransXtract Polarized Grey ,105.42,106.42,109.42,111.42,111.42,111.42,x,x,115.42,,,,,,,,,,
Velveto Select  1.67 TransXtract Polarized Grey ,121.62,122.62,125.62,127.62,127.62,127.62,x,x,131.62,,,,,,,,,,
Velveto Select  1.50 NuPolar ,56.90,57.90,60.90,62.90,62.90,62.90,x,x,66.90,,,,,,,,,,
Velveto Select  1.60 NuPolar ,91.30,92.30,95.30,97.30,97.30,97.30,x,x,101.30,,,,,,,,,,
Velveto Select  1.67 NuPolar ,119.96,120.96,123.96,125.96,125.96,125.96,x,x,129.96,,,,,,,,,,
Velveto Select  1.74 NuPolar ,138.96,139.96,142.96,144.96,144.96,144.96,x,x,148.96,,,,,,,,,,
Velveto Select  1.50 NuPolar Gradient ,56.90,57.90,60.90,62.90,62.90,62.90,x,x,66.90,,,,,,,,,,
Velveto Select  1.50 NuPolar Infinite Grey ,90.59,91.59,94.59,96.59,96.59,96.59,x,x,100.59,,,,,,,,,,
Velveto Select 1.50 NuPolar Tinted Universe,x,x,x,x,x,70.90,x,x,x,,,,,,,,,,
Velveto Select 1.50 NuPolar Tinted Universe gradient,x,x,x,x,x,71.90,x,x,x,,,,,,,,,,
Velveto Select  1.50 NuPolar MIRROR ,64.25,x,x,x,x,x,x,x,x,,,,,,,,,,
Effecto +,UC,Basis,CLARUS II,Blue PRO,Clarus Sericum UV,Achromatic,Mirror Coating,Flash to Mirror ,Ultraslik,,,,,,,,,,
Effecto+ 1.50 ,42.45,43.45,46.45,48.45,48.45,48.45,x,x,52.45,,,,,,,,,,
Effecto+ 1.53 ,67.81,68.81,71.81,73.81,73.81,x,x,x,77.81,,,,,,,,,,
Effecto+ 1.59 ,62.30,63.30,66.30,68.30,68.30,x,x,x,72.30,,,,,,,,,,
Effecto+ 1.60 ,62.30,63.30,66.30,68.30,68.30,68.30,x,x,72.30,,,,,,,,,,
Effecto+ 1.67 ,74.42,75.42,78.42,80.42,80.42,80.42,x,x,84.42,,,,,,,,,,
Effecto+ 1.74 ,107.50,108.50,111.50,113.50,113.50,113.50,x,x,117.50,,,,,,,,,,
Effecto+ 1.60 UV420 ,63.80,64.80,67.80,69.80,69.80,69.80,x,x,73.80,,,,,,,,,,
Effecto+ 1.67 UV420 ,76.42,77.42,80.42,82.42,82.42,82.42,x,x,86.42,,,,,,,,,,
Effecto+ 1.74 UV420 ,76.92,77.92,80.92,82.92,82.92,82.92,x,x,86.92,,,,,,,,,,
Effecto+ 1.50 NuPolar ,64.50,65.50,68.50,70.50,70.50,70.50,x,x,74.50,,,,,,,,,,
Effecto+ 1.59 NuPolar ,74.17,75.17,78.17,80.17,80.17,x,x,x,84.17,,,,,,,,,,
Effecto+ 1.60 NuPolar ,104.19,105.19,108.19,110.19,110.19,110.19,x,x,114.19,,,,,,,,,,
Effecto+ 1.67 NuPolar ,137.27,138.27,141.27,143.27,143.27,143.27,x,x,147.27,,,,,,,,,,
Effecto+ 1.50 Trans GEN S ,72.72,73.72,76.72,78.72,78.72,78.72,x,x,82.72,,,,,,,,,,
Effecto+ 1.53 Trans GEN S ,83.04,84.04,87.04,89.04,89.04,x,x,x,93.04,,,,,,,,,,
Effecto+ 1.59 Trans GEN S ,81.50,82.50,85.50,87.50,87.50,x,x,x,91.50,,,,,,,,,,
Effecto+ 1.60 Trans GEN S ,101.90,102.90,105.90,107.90,107.90,107.90,x,x,111.90,,,,,,,,,,
Effecto+ 1.67 Trans GEN S ,115.99,116.99,119.99,121.99,121.99,121.99,x,x,125.99,,,,,,,,,,
Effecto+ 1.74 Trans GEN S ,152.14,153.14,156.14,158.14,158.14,158.14,x,x,162.14,,,,,,,,,,
Effecto+ 1.50 TransXtract  ,70.91,71.91,74.91,76.91,76.91,76.91,x,x,80.91,,,,,,,,,,
Effecto+ 1.53 TransXtract  ,79.94,80.94,83.94,85.94,85.94,x,x,x,89.94,,,,,,,,,,
Effecto+ 1.59 TransXtract  ,79.24,80.24,83.24,85.24,85.24,x,x,x,89.24,,,,,,,,,,
Effecto+ 1.60 TransXtract  ,99.78,100.78,103.78,105.78,105.78,105.78,x,x,109.78,,,,,,,,,,
Effecto+ 1.67 TransXtract  ,114.11,115.11,118.11,120.11,120.11,120.11,x,x,124.11,,,,,,,,,,
Effecto+ 1.74 TransXtract  ,149.34,150.34,153.34,155.34,155.34,155.34,x,x,159.34,,,,,,,,,,
Compass,UC,Basis,CLARUS II,Blue PRO,Clarus Sericum UV,Achromatic,Mirror Coating,Flash to Mirror ,Ultraslik,,,,,,,,,,
Compass 1.50 ,46.69,47.69,50.69,52.69,52.69,52.69,x,x,56.69,,,,,,,,,,
Compass 1.53 ,74.59,75.59,78.59,80.59,80.59,x,x,x,84.59,,,,,,,,,,
Compass 1.59 ,68.52,69.52,72.52,74.52,74.52,x,x,x,78.52,,,,,,,,,,
Compass 1.60 ,68.52,69.52,72.52,74.52,74.52,74.52,x,x,78.52,,,,,,,,,,
Compass 1.67 ,81.87,82.87,85.87,87.87,87.87,87.87,x,x,91.87,,,,,,,,,,
Compass 1.74 ,118.25,119.25,122.25,124.25,124.25,124.25,x,x,128.25,,,,,,,,,,
Compass 1.60 UV420,70.02,71.02,74.02,76.02,76.02,76.02,x,x,80.02,,,,,,,,,,
Compass 1.67 UV420,83.87,84.87,87.87,89.87,89.87,89.87,x,x,93.87,,,,,,,,,,
Compass 1.74 UV420,84.37,85.37,88.37,90.37,90.37,90.37,x,x,94.37,,,,,,,,,,
Compass 1.50 NuPolar ,70.95,71.95,74.95,76.95,76.95,76.95,x,x,80.95,,,,,,,,,,
Compass 1.59 NuPolar ,81.59,82.59,85.59,87.59,87.59,x,x,x,91.59,,,,,,,,,,
Compass 1.60 NuPolar ,114.61,115.61,118.61,120.61,120.61,120.61,x,x,124.61,,,,,,,,,,
Compass 1.67 NuPolar ,150.99,151.99,154.99,156.99,156.99,156.99,x,x,160.99,,,,,,,,,,
Compass 1.50 Trans GEN S ,79.80,80.80,83.80,85.80,85.80,85.80,x,x,89.80,,,,,,,,,,
Compass 1.53 Trans GEN S ,91.03,92.03,95.03,97.03,97.03,x,x,x,101.03,,,,,,,,,,
Compass 1.59 Trans GEN S ,89.43,90.43,93.43,95.43,95.43,x,x,x,99.43,,,,,,,,,,
Compass 1.60 Trans GEN S ,111.88,112.88,115.88,117.88,117.88,117.88,x,x,121.88,,,,,,,,,,
Compass 1.67 Trans GEN S ,127.41,128.41,131.41,133.41,133.41,133.41,x,x,137.41,,,,,,,,,,
Compass 1.74 Trans GEN S ,167.07,168.07,171.07,173.07,173.07,173.07,x,x,177.07,,,,,,,,,,
Compass 1.50 TransXtract ,77.99,78.99,81.99,83.99,83.99,83.99,x,x,87.99,,,,,,,,,,
Compass 1.53 TransXtract ,87.93,88.93,91.93,93.93,93.93,x,x,x,97.93,,,,,,,,,,
Compass 1.59 TransXtract ,87.17,88.17,91.17,93.17,93.17,x,x,x,97.17,,,,,,,,,,
Compass 1.60 TransXtract ,109.76,110.76,113.76,115.76,115.76,115.76,x,x,119.76,,,,,,,,,,
Compass 1.67 TransXtract ,125.53,126.53,129.53,131.53,131.53,131.53,x,x,135.53,,,,,,,,,,
Compass 1.74 TransXtract ,164.27,165.27,168.27,170.27,170.27,170.27,x,x,174.27,,,,,,,,,,
Clear Road,UC,Basis,CLARUS II,Blue PRO,Clarus Sericum UV,Achromatic,Mirror Coating,Flash to Mirror ,Ultraslik,,,,,,,,,,
Clear Road SUN Transitions Drivewear MONO RX 1.50,x,x,x,x,x,x,x,x,67.98,,,,,,,,,,
Clear Road Skaidrūs MONO RX  1.60,x,x,x,x,x,x,x,x,33.83,,,,,,,,,,
Clear Road SUN Transitions Drivewear MONO RX  1.67,x,x,x,x,x,x,x,x,76.08,,,,,,,,,,
Clear Road SUN Transitions Drivewear Progressive 1.50,x,x,x,x,x,x,x,x,121.84,,,,,,,,,,
Clear Road Skaidrūs Progressive  1.60,x,x,x,x,x,x,x,x,67.29,,,,,,,,,,
Clear Road SUN Transitions Drivewear Progressive 1.67,x,x,x,x,x,x,x,x,129.94,,,,,,,,,,
Lumi Kids (Myopia control),UC,Basis,CLARUS II,Blue PRO,Clarus Sericum UV,Achromatic,Mirror Coating,Flash to Mirror ,Ultraslik,,,,,,,,,,
Lumi Kids 1.50 UNV Clarus Sericum UV,x,x,x,x,38.00,x,x,x,x,,,,,,,,,,
Lumi Kids 1.60 UNV Clarus Sericum UV,x,x,x,x,40.00,x,x,x,x,,,,,,,,,,
Lumi Kids 1.67 UNV Clarus Sericum UV,x,x,x,x,42.00,x,x,x,x,,,,,,,,,,
Lumi Kids 1.74 UNV Clarus Sericum UV,x,x,x,x,44.00,x,x,x,x,,,,,,,,,,
Lumi Kids 1.60 NuPolar Brown UNV Achromatic,x,x,x,x,x,54.41,x,x,x,,,,,,,,,,
Lumi Kids 1.60 NuPolar Grey UNV Achromatic,x,x,x,x,x,54.41,x,x,x,,,,,,,,,,
Lumi Kids 1.60 NuPolar GN Achromatic,x,x,x,x,x,54.41,x,x,x,,,,,,,,,,
Lumi Kids 1.60 NeoChromes Brown UNV Achromatic,x,x,x,x,x,56.21,x,x,x,,,,,,,,,,
Lumi Kids 1.60 NeoChromes Grey UNV Achromatic,x,x,x,x,x,56.21,x,x,x,,,,,,,,,,
,,,,,,,,,,,,,,,,,,,
STOCK lenses,,,,,,,,,,,,,,,,,,,
Simple stock (NANO BASIC),Diameter ,Cylinder,Eur per 1 lens,,,,,,,,,,,,,,,,
Organic 1.50 uncoated (UC),65 (+) ; 70 (-),0 iki  +2,0.74,,,,,,,,,,,,,,,,
Organic 1.50 hardcoated (HC),65 (+) ; 70 (-),0 iki  +2,1.32,,,,,,,,,,,,,,,,
Organic 1.56  AR- Multicoated (HMC)  ,65 (+) ; 70 (-),0 iki  +2,1.86,,,,,,,,,,,,,,,,
Organic 1.56 AR- Multicoated (HMC)   ,65 (+) ; 70 (-),.+2.25 iki +4,3.20,,,,,,,,,,,,,,,,
Organic 1.56 AR- Multicoated (HMC)   ,70 (+),,2.16,,,,,,,,,,,,,,,,
Organic 1.60  AR- Multicoated (HMC),65 (+) ; 70 (-); 75 (-),0 iki  +2,3.96,,,,,,,,,,,,,,,,
Organic  1.60 AR- Multicoated (HMC),65 (+) ; 70 (-); 75 (-),.+2.25 iki +4,5.28,,,,,,,,,,,,,,,,
Organic foto grey 1.56 AR- Multicoated (HMC),65 (+) ; 70 (-),0 iki  +2,6.60,,,,,,,,,,,,,,,,
Organic foto brown 1.56 AR- Multicoated (HMC),65 (+) ; 70 (-),0 iki  +2,6.60,,,,,,,,,,,,,,,,
Simple stock | Blue 420 (NANO Blue 420),Diameter ,Cylinder,Eur per 1 lens,,,,,,,,,,,,,,,,
BLUE420 AR (SHMC) Organic 1.56,65 (+); 70 (-),0 iki  +2,3.30,,,,,,,,,,,,,,,,
BLUE420 AR (SHMC) Organic 1.56 ,70 (+),0 iki  +2,3.85,,,,,,,,,,,,,,,,
BLUE420 AR (SHMC) Organic 1.60 ,65 (+);70 (-);75(-),0 iki  +3,6.16,,,,,,,,,,,,,,,,
BLUE420 AR (SHMC) Organic 1.67,70 (-) ; 75 (-),0 iki  +3,10.56,,,,,,,,,,,,,,,,
Nano Blue Line ,Diameter ,Cylinder,Eur per 1 lens,,,,,,,,,,,,,,,,
Nano Organic Blue Line  1.50 ,65 (+) ; 70 (-),0 iki  +2,3.96,,,,,,,,,,,,,,,,
Nano Organic Blue Line 1.50 ,70 (+),0 iki  +2,4.29,,,,,,,,,,,,,,,,
Nano Organic Blue Line 1.60 ,65 (+);70 (-);75(-),0 iki  +2,6.16,,,,,,,,,,,,,,,,
Nano Organic Blue Line  1.67,65 (+);70 (-);75(-),0 iki  +2,7.70,,,,,,,,,,,,,,,,
Nano Longus ,Diameter ,Cylinder,Eur per 1 lens,,,,,,,,,,,,,,,,
Nano Organic Longus  1.50 ,65 (+); 70 (-),0 iki  +2,3.96,,,,,,,,,,,,,,,,
Nano Organic  Longus 1.50 ,70 (+),0 iki  +2,4.29,,,,,,,,,,,,,,,,
Nano Organic Longus  1.60 ,65 (+);70 (-);75(-),0 iki  +2,6.16,,,,,,,,,,,,,,,,
Nano Organic Longus  1.60 ,70 (+),      --------,6.16,,,,,,,,,,,,,,,,
Nano Organic  Longus 1.60  ,65 (+),.+2.25 iki +3,9.35,,,,,,,,,,,,,,,,
Nano Organic  Longus 1.60  ,75 (-),.+2.25 iki +4,9.35,,,,,,,,,,,,,,,,
Nano Organic  Longus 1.67,65 (+);70 (-);75(-),0 iki  +2,7.70,,,,,,,,,,,,,,,,
Nano Organic  Longus 1.67,70 (-);75(-),.+2.25 iki +4,10.99,,,,,,,,,,,,,,,,
Nano Organic  Longus 1.74,70 (-);75(-),0 iki  +4,25.00,,,,,,,,,,,,,,,,
Nano Achromatic,Diameter ,Cylinder,Eur per 1 lens,,,,,,,,,,,,,,,,
Nano Achromatic 1.60 ,65 (+);70 (-);75(-),0.00  iki  +2.00,6.16,,,,,,,,,,,,,,,,
Nano Achromatic 1.60 ,70 (+),      --------,6.16,,,,,,,,,,,,,,,,
Nano Achromatic 1.60 ,65 (+);70 (-);75(-),2.25  iki  +3.00,9.35,,,,,,,,,,,,,,,,
Nano Solis,Diameter ,Cylinder,Eur per 1 lens,,,,,,,,,,,,,,,,
Nano Solis 1.50 SHMC,65 (+); 70 (-),0.00  iki  +2.00,10.56,,,,,,,,,,,,,,,,
Nano Solis 1.60 SHMC,"65 (+); 70,75 (-)",0.00  iki  +2.00,21.03,,,,,,,,,,,,,,,,
Nano Transitions GEN S Ruda (Brown) / Pilka (Grey) 1-3 working days,Diameter ,Cylinder,Eur per 1 lens,,,,,,,,,,,,,,,,
Nano Organic TRANS GENS 1.50 SHMC,65 (+); 70 (-),0 iki  +2,15.01,,,,,,,,,,,,,,,,
Nano Organic TRANS GENS 1.60 SHMC,65 (+); 75 (-),0 iki  +2,28.41,,,,,,,,,,,,,,,,
Nano Organic TRANS GENS 1.67 SHMC,70 (-); 75(-); 80 (-),0 iki  +2,38.07,,,,,,,,,,,,,,,,
Nano Organic Transitions XTRActive 1.50 SHMC,65 (+); 70 (-),      --------,19.80,,,,,,,,,,,,,,,,
Nano Tinting Stock ,Diameter ,Cylinder,Eur per 1 lens,,,,,,,,,,,,,,,,
Nano tinting 1.50 Full tinting UC (without coating) 85% +UV,65 (+);70 (+/-);75(-),0 iki  +2,5.00,,,,,,,,,,,,,,,,
Nano tinting 1.60 Full tinting ½ Longus 85% +UV,70 (+/-);75(-),0 iki  +2,7.50,,,,,,,,,,,,,,,,
SERVICES ,,,,,,,,,,,,,,,,,,,
EDGING,Eur per order,,,,,,,,,,,,,,,,,,
Full frame,4.60,,,,,,,,,,,,,,,,,,
Nylon frame,5.90,,,,,,,,,,,,,,,,,,
Rimless glasses frames with plastic pressing technology,12.00,,,,,,,,,,,,,,,,,,
Rimless eyeglass frames assembled with individually adjustable screws,20.00,,,,,,,,,,,,,,,,,,
Lindberg and other complex structures,20.00,,,,,,,,,,,,,,,,,,
RX TINTING,Eur per 1 lens,Index,,,,,,,,,,,,,,,,,
Full tinting according to the Bod Lenses catalog,3.00,1.50 | 1.60* | 1.67*,,,,,,,,,,,,,,,,,
Full tinting according to the Bod Lenses catalog,12.00,1.74,,,,,,,,,,,,,,,,,
Gradient tinting according to Bod Lenses catalog*,4.00,1.50 | 1.60*,,,,,,,,,,,,,,,,,
Full tinting according to your special order - copying the sample you provided,5.00,1.50 | 1.60* | 1.67*,,,,,,,,,,,,,,,,,
Gradient tinting according to your special order - copying your provided sample*,6.00,1.50 | 1.60 * | 1.67*,,,,,,,,,,,,,,,,,
UV protection,Nemokamai ,,,,,,,,,,,,,,,,,,
"*1.60 / 1,67 Effecto ir Compass lens -  we do not tint ",,,,,,,,,,,,,,,,,,,
STOCK TINTING,Eur per 1 lens,Colors,Tinting %,,,,,,,,,,,,,,,,
"Gradient painting with Clarus II coating on the inside                                                Sph +4/cyl +2 (+) 65diam. 
Sph -6/cyl +2  (-) 70 diam. ",8.00,Grey           Brown        Green ,30-0 | 50-0 | 90-15,,,,,,,,,,,,,,,,
