Lens Type,Lens Type Label,Lens Index,Coating,Coating Label,Single Lens Price (EUR),Pair Price Base (EUR),Tint Type,Tint Color,Tint Shade (%),Tint Recipe,Tint Fee Per Pair (EUR),Photochromic Color,Polarized Color,Frame Type,Frame Type Label,Edging Fee (EUR),Lens Pair Total (EUR),Rx Add-on Net (EUR),Profit (EUR),Rx Retail Net (EUR),Total Rx Add-on (EUR),Available,Notes
CLEAR,Clear (Mono RX),1.56,UC,Uncoated (UC),8.49,16.98,,,,,0,,,FULL_FRAME,Full Frame,4.6,16.98,21.58,15,36.58,36.58,Yes,
CLEAR,Clear (Mono RX),1.56,UC,Uncoated (UC),8.49,16.98,,,,,0,,,NYLON_FRAME,Nylon Frame,5.9,16.98,22.88,15,37.88,37.88,Yes,
CLEAR,Clear (Mono RX),1.56,UC,Uncoated (UC),8.49,16.98,,,,,0,,,RIMLESS_PRESSING,Rimless (Plastic Pressing),12,16.98,28.98,15,43.98,43.98,Yes,
CLEAR,Clear (Mono RX),1.56,UC,Uncoated (UC),8.49,16.98,,,,,0,,,RIMLESS_INDIVIDUAL,Rimless (Individual Mountings),20,16.98,36.98,15,51.98,51.98,Yes,
CLEAR,Clear (Mono RX),1.56,UC,Uncoated (UC),8.49,16.98,,,,,0,,,LINDBERG_COMPLEX,Lindberg / Complex,20,16.98,36.98,15,51.98,51.98,Yes,
CLEAR,Clear (Mono RX),1.56,BLUE_PRO,Blue PRO,14.49,28.98,,,,,0,,,FULL_FRAME,Full Frame,4.6,28.98,33.58,15,48.58,48.58,Yes,
CLEAR,Clear (Mono RX),1.56,BLUE_PRO,Blue PRO,14.49,28.98,,,,,0,,,NYLON_FRAME,Nylon Frame,5.9,28.98,34.88,15,49.88,49.88,Yes,
CLEAR,Clear (Mono RX),1.56,BLUE_PRO,Blue PRO,14.49,28.98,,,,,0,,,RIMLESS_PRESSING,Rimless (Plastic Pressing),12,28.98,40.98,15,55.98,55.98,Yes,
CLEAR,Clear (Mono RX),1.56,BLUE_PRO,Blue PRO,14.49,28.98,,,,,0,,,RIMLESS_INDIVIDUAL,Rimless (Individual Mountings),20,28.98,48.98,15,63.98,63.98,Yes,
CLEAR,Clear (Mono RX),1.56,BLUE_PRO,Blue PRO,14.49,28.98,,,,,0,,,LINDBERG_COMPLEX,Lindberg / Complex,20,28.98,48.98,15,63.98,63.98,Yes,
CLEAR,Clear (Mono RX),1.6,UC,Uncoated (UC),16.98,33.96,,,,,0,,,FULL_FRAME,Full Frame,4.6,33.96,38.56,15,53.56,53.56,Yes,
CLEAR,Clear (Mono RX),1.6,UC,Uncoated (UC),16.98,33.96,,,,,0,,,NYLON_FRAME,Nylon Frame,5.9,33.96,39.86,15,54.86,54.86,Yes,
CLEAR,Clear (Mono RX),1.6,UC,Uncoated (UC),16.98,33.96,,,,,0,,,RIMLESS_PRESSING,Rimless (Plastic Pressing),12,33.96,45.96,15,60.96,60.96,Yes,
CLEAR,Clear (Mono RX),1.6,UC,Uncoated (UC),16.98,33.96,,,,,0,,,RIMLESS_INDIVIDUAL,Rimless (Individual Mountings),20,33.96,53.96,15,68.96,68.96,Yes,
CLEAR,Clear (Mono RX),1.6,UC,Uncoated (UC),16.98,33.96,,,,,0,,,LINDBERG_COMPLEX,Lindberg / Complex,20,33.96,53.96,15,68.96,68.96,Yes,
CLEAR,Clear (Mono RX),1.6,BLUE_PRO,Blue PRO,22.98,45.96,,,,,0,,,FULL_FRAME,Full Frame,4.6,45.96,50.56,15,65.56,65.56,Yes,
CLEAR,Clear (Mono RX),1.6,BLUE_PRO,Blue PRO,22.98,45.96,,,,,0,,,NYLON_FRAME,Nylon Frame,5.9,45.96,51.86,15,66.86,66.86,Yes,
CLEAR,Clear (Mono RX),1.6,BLUE_PRO,Blue PRO,22.98,45.96,,,,,0,,,RIMLESS_PRESSING,Rimless (Plastic Pressing),12,45.96,57.96,15,72.96,72.96,Yes,
CLEAR,Clear (Mono RX),1.6,BLUE_PRO,Blue PRO,22.98,45.96,,,,,0,,,RIMLESS_INDIVIDUAL,Rimless (Individual Mountings),20,45.96,65.96,15,80.96,80.96,Yes,
CLEAR,Clear (Mono RX),1.6,BLUE_PRO,Blue PRO,22.98,45.96,,,,,0,,,LINDBERG_COMPLEX,Lindberg / Complex,20,45.96,65.96,15,80.96,80.96,Yes,
CLEAR,Clear (Mono RX),1.67,UC,Uncoated (UC),25.07,50.14,,,,,0,,,FULL_FRAME,Full Frame,4.6,50.14,54.74,15,69.74,69.74,Yes,
CLEAR,Clear (Mono RX),1.67,UC,Uncoated (UC),25.07,50.14,,,,,0,,,NYLON_FRAME,Nylon Frame,5.9,50.14,56.04,15,71.04,71.04,Yes,
CLEAR,Clear (Mono RX),1.67,UC,Uncoated (UC),25.07,50.14,,,,,0,,,RIMLESS_PRESSING,Rimless (Plastic Pressing),12,50.14,62.14,15,77.14,77.14,Yes,
CLEAR,Clear (Mono RX),1.67,UC,Uncoated (UC),25.07,50.14,,,,,0,,,RIMLESS_INDIVIDUAL,Rimless (Individual Mountings),20,50.14,70.14,15,85.14,85.14,Yes,
CLEAR,Clear (Mono RX),1.67,UC,Uncoated (UC),25.07,50.14,,,,,0,,,LINDBERG_COMPLEX,Lindberg / Complex,20,50.14,70.14,15,85.14,85.14,Yes,
CLEAR,Clear (Mono RX),1.67,BLUE_PRO,Blue PRO,31.07,62.14,,,,,0,,,FULL_FRAME,Full Frame,4.6,62.14,66.74,15,81.74,81.74,Yes,
CLEAR,Clear (Mono RX),1.67,BLUE_PRO,Blue PRO,31.07,62.14,,,,,0,,,NYLON_FRAME,Nylon Frame,5.9,62.14,68.04,15,83.04,83.04,Yes,
CLEAR,Clear (Mono RX),1.67,BLUE_PRO,Blue PRO,31.07,62.14,,,,,0,,,RIMLESS_PRESSING,Rimless (Plastic Pressing),12,62.14,74.14,15,89.14,89.14,Yes,
CLEAR,Clear (Mono RX),1.67,BLUE_PRO,Blue PRO,31.07,62.14,,,,,0,,,RIMLESS_INDIVIDUAL,Rimless (Individual Mountings),20,62.14,82.14,15,97.14,97.14,Yes,
CLEAR,Clear (Mono RX),1.67,BLUE_PRO,Blue PRO,31.07,62.14,,,,,0,,,LINDBERG_COMPLEX,Lindberg / Complex,20,62.14,82.14,15,97.14,97.14,Yes,
TINTED,Tinted (Mono RX),1.56,SERICUM_UV,UV Protection,14.49,28.98,FULL_TINT_CATALOG,Brown,15,,6,,,FULL_FRAME,Full Frame,4.6,34.98,39.58,15,54.58,54.58,Yes,
TINTED,Tinted (Mono RX),1.56,SERICUM_UV,UV Protection,14.49,28.98,FULL_TINT_CATALOG,Brown,15,,6,,,NYLON_FRAME,Nylon Frame,5.9,34.98,40.88,15,55.88,55.88,Yes,
TINTED,Tinted (Mono RX),1.56,SERICUM_UV,UV Protection,14.49,28.98,FULL_TINT_CATALOG,Brown,15,,6,,,RIMLESS_PRESSING,Rimless (Plastic Pressing),12,34.98,46.98,15,61.98,61.98,Yes,
TINTED,Tinted (Mono RX),1.56,SERICUM_UV,UV Protection,14.49,28.98,FULL_TINT_CATALOG,Brown,15,,6,,,RIMLESS_INDIVIDUAL,Rimless (Individual Mountings),20,34.98,54.98,15,69.98,69.98,Yes,
TINTED,Tinted (Mono RX),1.56,SERICUM_UV,UV Protection,14.49,28.98,FULL_TINT_CATALOG,Brown,15,,6,,,LINDBERG_COMPLEX,Lindberg / Complex,20,34.98,54.98,15,69.98,69.98,Yes,
TINTED,Tinted (Mono RX),1.56,SERICUM_UV,UV Protection,14.49,28.98,FULL_TINT_CATALOG,Brown,50,,6,,,FULL_FRAME,Full Frame,4.6,34.98,39.58,15,54.58,54.58,Yes,
TINTED,Tinted (Mono RX),1.56,SERICUM_UV,UV Protection,14.49,28.98,FULL_TINT_CATALOG,Brown,50,,6,,,NYLON_FRAME,Nylon Frame,5.9,34.98,40.88,15,55.88,55.88,Yes,
TINTED,Tinted (Mono RX),1.56,SERICUM_UV,UV Protection,14.49,28.98,FULL_TINT_CATALOG,Brown,50,,6,,,RIMLESS_PRESSING,Rimless (Plastic Pressing),12,34.98,46.98,15,61.98,61.98,Yes,
TINTED,Tinted (Mono RX),1.56,SERICUM_UV,UV Protection,14.49,28.98,FULL_TINT_CATALOG,Brown,50,,6,,,RIMLESS_INDIVIDUAL,Rimless (Individual Mountings),20,34.98,54.98,15,69.98,69.98,Yes,
TINTED,Tinted (Mono RX),1.56,SERICUM_UV,UV Protection,14.49,28.98,FULL_TINT_CATALOG,Brown,50,,6,,,LINDBERG_COMPLEX,Lindberg / Complex,20,34.98,54.98,15,69.98,69.98,Yes,
TINTED,Tinted (Mono RX),1.56,SERICUM_UV,UV Protection,14.49,28.98,FULL_TINT_CATALOG,Brown,85,,6,,,FULL_FRAME,Full Frame,4.6,34.98,39.58,15,54.58,54.58,Yes,
TINTED,Tinted (Mono RX),1.56,SERICUM_UV,UV Protection,14.49,28.98,FULL_TINT_CATALOG,Brown,85,,6,,,NYLON_FRAME,Nylon Frame,5.9,34.98,40.88,15,55.88,55.88,Yes,
TINTED,Tinted (Mono RX),1.56,SERICUM_UV,UV Protection,14.49,28.98,FULL_TINT_CATALOG,Brown,85,,6,,,RIMLESS_PRESSING,Rimless (Plastic Pressing),12,34.98,46.98,15,61.98,61.98,Yes,
TINTED,Tinted (Mono RX),1.56,SERICUM_UV,UV Protection,14.49,28.98,FULL_TINT_CATALOG,Brown,85,,6,,,RIMLESS_INDIVIDUAL,Rimless (Individual Mountings),20,34.98,54.98,15,69.98,69.98,Yes,
TINTED,Tinted (Mono RX),1.56,SERICUM_UV,UV Protection,14.49,28.98,FULL_TINT_CATALOG,Brown,85,,6,,,LINDBERG_COMPLEX,Lindberg / Complex,20,34.98,54.98,15,69.98,69.98,Yes,
TINTED,Tinted (Mono RX),1.56,SERICUM_UV,UV Protection,14.49,28.98,FULL_TINT_CATALOG,Grey,15,,6,,,FULL_FRAME,Full Frame,4.6,34.98,39.58,15,54.58,54.58,Yes,
TINTED,Tinted (Mono RX),1.56,SERICUM_UV,UV Protection,14.49,28.98,FULL_TINT_CATALOG,Grey,15,,6,,,NYLON_FRAME,Nylon Frame,5.9,34.98,40.88,15,55.88,55.88,Yes,
TINTED,Tinted (Mono RX),1.56,SERICUM_UV,UV Protection,14.49,28.98,FULL_TINT_CATALOG,Grey,15,,6,,,RIMLESS_PRESSING,Rimless (Plastic Pressing),12,34.98,46.98,15,61.98,61.98,Yes,
TINTED,Tinted (Mono RX),1.56,SERICUM_UV,UV Protection,14.49,28.98,FULL_TINT_CATALOG,Grey,15,,6,,,RIMLESS_INDIVIDUAL,Rimless (Individual Mountings),20,34.98,54.98,15,69.98,69.98,Yes,
TINTED,Tinted (Mono RX),1.56,SERICUM_UV,UV Protection,14.49,28.98,FULL_TINT_CATALOG,Grey,15,,6,,,LINDBERG_COMPLEX,Lindberg / Complex,20,34.98,54.98,15,69.98,69.98,Yes,
TINTED,Tinted (Mono RX),1.56,SERICUM_UV,UV Protection,14.49,28.98,FULL_TINT_CATALOG,Grey,70,,6,,,FULL_FRAME,Full Frame,4.6,34.98,39.58,15,54.58,54.58,Yes,
TINTED,Tinted (Mono RX),1.56,SERICUM_UV,UV Protection,14.49,28.98,FULL_TINT_CATALOG,Grey,70,,6,,,NYLON_FRAME,Nylon Frame,5.9,34.98,40.88,15,55.88,55.88,Yes,
TINTED,Tinted (Mono RX),1.56,SERICUM_UV,UV Protection,14.49,28.98,FULL_TINT_CATALOG,Grey,70,,6,,,RIMLESS_PRESSING,Rimless (Plastic Pressing),12,34.98,46.98,15,61.98,61.98,Yes,
TINTED,Tinted (Mono RX),1.56,SERICUM_UV,UV Protection,14.49,28.98,FULL_TINT_CATALOG,Grey,70,,6,,,RIMLESS_INDIVIDUAL,Rimless (Individual Mountings),20,34.98,54.98,15,69.98,69.98,Yes,
TINTED,Tinted (Mono RX),1.56,SERICUM_UV,UV Protection,14.49,28.98,FULL_TINT_CATALOG,Grey,70,,6,,,LINDBERG_COMPLEX,Lindberg / Complex,20,34.98,54.98,15,69.98,69.98,Yes,
TINTED,Tinted (Mono RX),1.56,SERICUM_UV,UV Protection,14.49,28.98,FULL_TINT_CATALOG,Grey,85,,6,,,FULL_FRAME,Full Frame,4.6,34.98,39.58,15,54.58,54.58,Yes,
TINTED,Tinted (Mono RX),1.56,SERICUM_UV,UV Protection,14.49,28.98,FULL_TINT_CATALOG,Grey,85,,6,,,NYLON_FRAME,Nylon Frame,5.9,34.98,40.88,15,55.88,55.88,Yes,
TINTED,Tinted (Mono RX),1.56,SERICUM_UV,UV Protection,14.49,28.98,FULL_TINT_CATALOG,Grey,85,,6,,,RIMLESS_PRESSING,Rimless (Plastic Pressing),12,34.98,46.98,15,61.98,61.98,Yes,
TINTED,Tinted (Mono RX),1.56,SERICUM_UV,UV Protection,14.49,28.98,FULL_TINT_CATALOG,Grey,85,,6,,,RIMLESS_INDIVIDUAL,Rimless (Individual Mountings),20,34.98,54.98,15,69.98,69.98,Yes,
TINTED,Tinted (Mono RX),1.56,SERICUM_UV,UV Protection,14.49,28.98,FULL_TINT_CATALOG,Grey,85,,6,,,LINDBERG_COMPLEX,Lindberg / Complex,20,34.98,54.98,15,69.98,69.98,Yes,
TINTED,Tinted (Mono RX),1.56,SERICUM_UV,UV Protection,14.49,28.98,FULL_TINT_CATALOG,Green,15,,6,,,FULL_FRAME,Full Frame,4.6,34.98,39.58,15,54.58,54.58,Yes,
TINTED,Tinted (Mono RX),1.56,SERICUM_UV,UV Protection,14.49,28.98,FULL_TINT_CATALOG,Green,15,,6,,,NYLON_FRAME,Nylon Frame,5.9,34.98,40.88,15,55.88,55.88,Yes,
TINTED,Tinted (Mono RX),1.56,SERICUM_UV,UV Protection,14.49,28.98,FULL_TINT_CATALOG,Green,15,,6,,,RIMLESS_PRESSING,Rimless (Plastic Pressing),12,34.98,46.98,15,61.98,61.98,Yes,
TINTED,Tinted (Mono RX),1.56,SERICUM_UV,UV Protection,14.49,28.98,FULL_TINT_CATALOG,Green,15,,6,,,RIMLESS_INDIVIDUAL,Rimless (Individual Mountings),20,34.98,54.98,15,69.98,69.98,Yes,
TINTED,Tinted (Mono RX),1.56,SERICUM_UV,UV Protection,14.49,28.98,FULL_TINT_CATALOG,Green,15,,6,,,LINDBERG_COMPLEX,Lindberg / Complex,20,34.98,54.98,15,69.98,69.98,Yes,
TINTED,Tinted (Mono RX),1.56,SERICUM_UV,UV Protection,14.49,28.98,FULL_TINT_CATALOG,Green,30,,6,,,FULL_FRAME,Full Frame,4.6,34.98,39.58,15,54.58,54.58,Yes,
TINTED,Tinted (Mono RX),1.56,SERICUM_UV,UV Protection,14.49,28.98,FULL_TINT_CATALOG,Green,30,,6,,,NYLON_FRAME,Nylon Frame,5.9,34.98,40.88,15,55.88,55.88,Yes,
TINTED,Tinted (Mono RX),1.56,SERICUM_UV,UV Protection,14.49,28.98,FULL_TINT_CATALOG,Green,30,,6,,,RIMLESS_PRESSING,Rimless (Plastic Pressing),12,34.98,46.98,15,61.98,61.98,Yes,
TINTED,Tinted (Mono RX),1.56,SERICUM_UV,UV Protection,14.49,28.98,FULL_TINT_CATALOG,Green,30,,6,,,RIMLESS_INDIVIDUAL,Rimless (Individual Mountings),20,34.98,54.98,15,69.98,69.98,Yes,
TINTED,Tinted (Mono RX),1.56,SERICUM_UV,UV Protection,14.49,28.98,FULL_TINT_CATALOG,Green,30,,6,,,LINDBERG_COMPLEX,Lindberg / Complex,20,34.98,54.98,15,69.98,69.98,Yes,
TINTED,Tinted (Mono RX),1.56,SERICUM_UV,UV Protection,14.49,28.98,FULL_TINT_CATALOG,Green,85,,6,,,FULL_FRAME,Full Frame,4.6,34.98,39.58,15,54.58,54.58,Yes,
TINTED,Tinted (Mono RX),1.56,SERICUM_UV,UV Protection,14.49,28.98,FULL_TINT_CATALOG,Green,85,,6,,,NYLON_FRAME,Nylon Frame,5.9,34.98,40.88,15,55.88,55.88,Yes,
TINTED,Tinted (Mono RX),1.56,SERICUM_UV,UV Protection,14.49,28.98,FULL_TINT_CATALOG,Green,85,,6,,,RIMLESS_PRESSING,Rimless (Plastic Pressing),12,34.98,46.98,15,61.98,61.98,Yes,
TINTED,Tinted (Mono RX),1.56,SERICUM_UV,UV Protection,14.49,28.98,FULL_TINT_CATALOG,Green,85,,6,,,RIMLESS_INDIVIDUAL,Rimless (Individual Mountings),20,34.98,54.98,15,69.98,69.98,Yes,
TINTED,Tinted (Mono RX),1.56,SERICUM_UV,UV Protection,14.49,28.98,FULL_TINT_CATALOG,Green,85,,6,,,LINDBERG_COMPLEX,Lindberg / Complex,20,34.98,54.98,15,69.98,69.98,Yes,
TINTED,Tinted (Mono RX),1.56,SERICUM_UV,UV Protection,14.49,28.98,GRADIENT,Brown,,50->0,12,,,FULL_FRAME,Full Frame,4.6,40.98,45.58,15,60.58,60.58,Yes,
TINTED,Tinted (Mono RX),1.56,SERICUM_UV,UV Protection,14.49,28.98,GRADIENT,Brown,,50->0,12,,,NYLON_FRAME,Nylon Frame,5.9,40.98,46.88,15,61.88,61.88,Yes,
TINTED,Tinted (Mono RX),1.56,SERICUM_UV,UV Protection,14.49,28.98,GRADIENT,Brown,,50->0,12,,,RIMLESS_PRESSING,Rimless (Plastic Pressing),12,40.98,52.98,15,67.98,67.98,Yes,
TINTED,Tinted (Mono RX),1.56,SERICUM_UV,UV Protection,14.49,28.98,GRADIENT,Brown,,50->0,12,,,RIMLESS_INDIVIDUAL,Rimless (Individual Mountings),20,40.98,60.98,15,75.98,75.98,Yes,
TINTED,Tinted (Mono RX),1.56,SERICUM_UV,UV Protection,14.49,28.98,GRADIENT,Brown,,50->0,12,,,LINDBERG_COMPLEX,Lindberg / Complex,20,40.98,60.98,15,75.98,75.98,Yes,
TINTED,Tinted (Mono RX),1.56,SERICUM_UV,UV Protection,14.49,28.98,GRADIENT,Grey,,30->0,12,,,FULL_FRAME,Full Frame,4.6,40.98,45.58,15,60.58,60.58,Yes,
TINTED,Tinted (Mono RX),1.56,SERICUM_UV,UV Protection,14.49,28.98,GRADIENT,Grey,,30->0,12,,,NYLON_FRAME,Nylon Frame,5.9,40.98,46.88,15,61.88,61.88,Yes,
TINTED,Tinted (Mono RX),1.56,SERICUM_UV,UV Protection,14.49,28.98,GRADIENT,Grey,,30->0,12,,,RIMLESS_PRESSING,Rimless (Plastic Pressing),12,40.98,52.98,15,67.98,67.98,Yes,
TINTED,Tinted (Mono RX),1.56,SERICUM_UV,UV Protection,14.49,28.98,GRADIENT,Grey,,30->0,12,,,RIMLESS_INDIVIDUAL,Rimless (Individual Mountings),20,40.98,60.98,15,75.98,75.98,Yes,
TINTED,Tinted (Mono RX),1.56,SERICUM_UV,UV Protection,14.49,28.98,GRADIENT,Grey,,30->0,12,,,LINDBERG_COMPLEX,Lindberg / Complex,20,40.98,60.98,15,75.98,75.98,Yes,
TINTED,Tinted (Mono RX),1.56,SERICUM_UV,UV Protection,14.49,28.98,GRADIENT,Green,,90->15,12,,,FULL_FRAME,Full Frame,4.6,40.98,45.58,15,60.58,60.58,Yes,
TINTED,Tinted (Mono RX),1.56,SERICUM_UV,UV Protection,14.49,28.98,GRADIENT,Green,,90->15,12,,,NYLON_FRAME,Nylon Frame,5.9,40.98,46.88,15,61.88,61.88,Yes,
TINTED,Tinted (Mono RX),1.56,SERICUM_UV,UV Protection,14.49,28.98,GRADIENT,Green,,90->15,12,,,RIMLESS_PRESSING,Rimless (Plastic Pressing),12,40.98,52.98,15,67.98,67.98,Yes,
TINTED,Tinted (Mono RX),1.56,SERICUM_UV,UV Protection,14.49,28.98,GRADIENT,Green,,90->15,12,,,RIMLESS_INDIVIDUAL,Rimless (Individual Mountings),20,40.98,60.98,15,75.98,75.98,Yes,
TINTED,Tinted (Mono RX),1.56,SERICUM_UV,UV Protection,14.49,28.98,GRADIENT,Green,,90->15,12,,,LINDBERG_COMPLEX,Lindberg / Complex,20,40.98,60.98,15,75.98,75.98,Yes,
TINTED,Tinted (Mono RX),1.56,BLUE_PRO,Blue PRO,14.49,28.98,FULL_TINT_CATALOG,Brown,15,,6,,,FULL_FRAME,Full Frame,4.6,34.98,39.58,15,54.58,54.58,Yes,
TINTED,Tinted (Mono RX),1.56,BLUE_PRO,Blue PRO,14.49,28.98,FULL_TINT_CATALOG,Brown,15,,6,,,NYLON_FRAME,Nylon Frame,5.9,34.98,40.88,15,55.88,55.88,Yes,
TINTED,Tinted (Mono RX),1.56,BLUE_PRO,Blue PRO,14.49,28.98,FULL_TINT_CATALOG,Brown,15,,6,,,RIMLESS_PRESSING,Rimless (Plastic Pressing),12,34.98,46.98,15,61.98,61.98,Yes,
TINTED,Tinted (Mono RX),1.56,BLUE_PRO,Blue PRO,14.49,28.98,FULL_TINT_CATALOG,Brown,15,,6,,,RIMLESS_INDIVIDUAL,Rimless (Individual Mountings),20,34.98,54.98,15,69.98,69.98,Yes,
TINTED,Tinted (Mono RX),1.56,BLUE_PRO,Blue PRO,14.49,28.98,FULL_TINT_CATALOG,Brown,15,,6,,,LINDBERG_COMPLEX,Lindberg / Complex,20,34.98,54.98,15,69.98,69.98,Yes,
TINTED,Tinted (Mono RX),1.56,BLUE_PRO,Blue PRO,14.49,28.98,FULL_TINT_CATALOG,Brown,50,,6,,,FULL_FRAME,Full Frame,4.6,34.98,39.58,15,54.58,54.58,Yes,
TINTED,Tinted (Mono RX),1.56,BLUE_PRO,Blue PRO,14.49,28.98,FULL_TINT_CATALOG,Brown,50,,6,,,NYLON_FRAME,Nylon Frame,5.9,34.98,40.88,15,55.88,55.88,Yes,
TINTED,Tinted (Mono RX),1.56,BLUE_PRO,Blue PRO,14.49,28.98,FULL_TINT_CATALOG,Brown,50,,6,,,RIMLESS_PRESSING,Rimless (Plastic Pressing),12,34.98,46.98,15,61.98,61.98,Yes,
TINTED,Tinted (Mono RX),1.56,BLUE_PRO,Blue PRO,14.49,28.98,FULL_TINT_CATALOG,Brown,50,,6,,,RIMLESS_INDIVIDUAL,Rimless (Individual Mountings),20,34.98,54.98,15,69.98,69.98,Yes,
TINTED,Tinted (Mono RX),1.56,BLUE_PRO,Blue PRO,14.49,28.98,FULL_TINT_CATALOG,Brown,50,,6,,,LINDBERG_COMPLEX,Lindberg / Complex,20,34.98,54.98,15,69.98,69.98,Yes,
TINTED,Tinted (Mono RX),1.56,BLUE_PRO,Blue PRO,14.49,28.98,FULL_TINT_CATALOG,Brown,85,,6,,,FULL_FRAME,Full Frame,4.6,34.98,39.58,15,54.58,54.58,Yes,
TINTED,Tinted (Mono RX),1.56,BLUE_PRO,Blue PRO,14.49,28.98,FULL_TINT_CATALOG,Brown,85,,6,,,NYLON_FRAME,Nylon Frame,5.9,34.98,40.88,15,55.88,55.88,Yes,
TINTED,Tinted (Mono RX),1.56,BLUE_PRO,Blue PRO,14.49,28.98,FULL_TINT_CATALOG,Brown,85,,6,,,RIMLESS_PRESSING,Rimless (Plastic Pressing),12,34.98,46.98,15,61.98,61.98,Yes,
TINTED,Tinted (Mono RX),1.56,BLUE_PRO,Blue PRO,14.49,28.98,FULL_TINT_CATALOG,Brown,85,,6,,,RIMLESS_INDIVIDUAL,Rimless (Individual Mountings),20,34.98,54.98,15,69.98,69.98,Yes,
TINTED,Tinted (Mono RX),1.56,BLUE_PRO,Blue PRO,14.49,28.98,FULL_TINT_CATALOG,Brown,85,,6,,,LINDBERG_COMPLEX,Lindberg / Complex,20,34.98,54.98,15,69.98,69.98,Yes,
TINTED,Tinted (Mono RX),1.56,BLUE_PRO,Blue PRO,14.49,28.98,FULL_TINT_CATALOG,Grey,15,,6,,,FULL_FRAME,Full Frame,4.6,34.98,39.58,15,54.58,54.58,Yes,
TINTED,Tinted (Mono RX),1.56,BLUE_PRO,Blue PRO,14.49,28.98,FULL_TINT_CATALOG,Grey,15,,6,,,NYLON_FRAME,Nylon Frame,5.9,34.98,40.88,15,55.88,55.88,Yes,
TINTED,Tinted (Mono RX),1.56,BLUE_PRO,Blue PRO,14.49,28.98,FULL_TINT_CATALOG,Grey,15,,6,,,RIMLESS_PRESSING,Rimless (Plastic Pressing),12,34.98,46.98,15,61.98,61.98,Yes,
TINTED,Tinted (Mono RX),1.56,BLUE_PRO,Blue PRO,14.49,28.98,FULL_TINT_CATALOG,Grey,15,,6,,,RIMLESS_INDIVIDUAL,Rimless (Individual Mountings),20,34.98,54.98,15,69.98,69.98,Yes,
TINTED,Tinted (Mono RX),1.56,BLUE_PRO,Blue PRO,14.49,28.98,FULL_TINT_CATALOG,Grey,15,,6,,,LINDBERG_COMPLEX,Lindberg / Complex,20,34.98,54.98,15,69.98,69.98,Yes,
TINTED,Tinted (Mono RX),1.56,BLUE_PRO,Blue PRO,14.49,28.98,FULL_TINT_CATALOG,Grey,70,,6,,,FULL_FRAME,Full Frame,4.6,34.98,39.58,15,54.58,54.58,Yes,
TINTED,Tinted (Mono RX),1.56,BLUE_PRO,Blue PRO,14.49,28.98,FULL_TINT_CATALOG,Grey,70,,6,,,NYLON_FRAME,Nylon Frame,5.9,34.98,40.88,15,55.88,55.88,Yes,
TINTED,Tinted (Mono RX),1.56,BLUE_PRO,Blue PRO,14.49,28.98,FULL_TINT_CATALOG,Grey,70,,6,,,RIMLESS_PRESSING,Rimless (Plastic Pressing),12,34.98,46.98,15,61.98,61.98,Yes,
TINTED,Tinted (Mono RX),1.56,BLUE_PRO,Blue PRO,14.49,28.98,FULL_TINT_CATALOG,Grey,70,,6,,,RIMLESS_INDIVIDUAL,Rimless (Individual Mountings),20,34.98,54.98,15,69.98,69.98,Yes,
TINTED,Tinted (Mono RX),1.56,BLUE_PRO,Blue PRO,14.49,28.98,FULL_TINT_CATALOG,Grey,70,,6,,,LINDBERG_COMPLEX,Lindberg / Complex,20,34.98,54.98,15,69.98,69.98,Yes,
TINTED,Tinted (Mono RX),1.56,BLUE_PRO,Blue PRO,14.49,28.98,FULL_TINT_CATALOG,Grey,85,,6,,,FULL_FRAME,Full Frame,4.6,34.98,39.58,15,54.58,54.58,Yes,
TINTED,Tinted (Mono RX),1.56,BLUE_PRO,Blue PRO,14.49,28.98,FULL_TINT_CATALOG,Grey,85,,6,,,NYLON_FRAME,Nylon Frame,5.9,34.98,40.88,15,55.88,55.88,Yes,
TINTED,Tinted (Mono RX),1.56,BLUE_PRO,Blue PRO,14.49,28.98,FULL_TINT_CATALOG,Grey,85,,6,,,RIMLESS_PRESSING,Rimless (Plastic Pressing),12,34.98,46.98,15,61.98,61.98,Yes,
TINTED,Tinted (Mono RX),1.56,BLUE_PRO,Blue PRO,14.49,28.98,FULL_TINT_CATALOG,Grey,85,,6,,,RIMLESS_INDIVIDUAL,Rimless (Individual Mountings),20,34.98,54.98,15,69.98,69.98,Yes,
TINTED,Tinted (Mono RX),1.56,BLUE_PRO,Blue PRO,14.49,28.98,FULL_TINT_CATALOG,Grey,85,,6,,,LINDBERG_COMPLEX,Lindberg / Complex,20,34.98,54.98,15,69.98,69.98,Yes,
TINTED,Tinted (Mono RX),1.56,BLUE_PRO,Blue PRO,14.49,28.98,FULL_TINT_CATALOG,Green,15,,6,,,FULL_FRAME,Full Frame,4.6,34.98,39.58,15,54.58,54.58,Yes,
TINTED,Tinted (Mono RX),1.56,BLUE_PRO,Blue PRO,14.49,28.98,FULL_TINT_CATALOG,Green,15,,6,,,NYLON_FRAME,Nylon Frame,5.9,34.98,40.88,15,55.88,55.88,Yes,
TINTED,Tinted (Mono RX),1.56,BLUE_PRO,Blue PRO,14.49,28.98,FULL_TINT_CATALOG,Green,15,,6,,,RIMLESS_PRESSING,Rimless (Plastic Pressing),12,34.98,46.98,15,61.98,61.98,Yes,
TINTED,Tinted (Mono RX),1.56,BLUE_PRO,Blue PRO,14.49,28.98,FULL_TINT_CATALOG,Green,15,,6,,,RIMLESS_INDIVIDUAL,Rimless (Individual Mountings),20,34.98,54.98,15,69.98,69.98,Yes,
TINTED,Tinted (Mono RX),1.56,BLUE_PRO,Blue PRO,14.49,28.98,FULL_TINT_CATALOG,Green,15,,6,,,LINDBERG_COMPLEX,Lindberg / Complex,20,34.98,54.98,15,69.98,69.98,Yes,
TINTED,Tinted (Mono RX),1.56,BLUE_PRO,Blue PRO,14.49,28.98,FULL_TINT_CATALOG,Green,30,,6,,,FULL_FRAME,Full Frame,4.6,34.98,39.58,15,54.58,54.58,Yes,
TINTED,Tinted (Mono RX),1.56,BLUE_PRO,Blue PRO,14.49,28.98,FULL_TINT_CATALOG,Green,30,,6,,,NYLON_FRAME,Nylon Frame,5.9,34.98,40.88,15,55.88,55.88,Yes,
TINTED,Tinted (Mono RX),1.56,BLUE_PRO,Blue PRO,14.49,28.98,FULL_TINT_CATALOG,Green,30,,6,,,RIMLESS_PRESSING,Rimless (Plastic Pressing),12,34.98,46.98,15,61.98,61.98,Yes,
TINTED,Tinted (Mono RX),1.56,BLUE_PRO,Blue PRO,14.49,28.98,FULL_TINT_CATALOG,Green,30,,6,,,RIMLESS_INDIVIDUAL,Rimless (Individual Mountings),20,34.98,54.98,15,69.98,69.98,Yes,
TINTED,Tinted (Mono RX),1.56,BLUE_PRO,Blue PRO,14.49,28.98,FULL_TINT_CATALOG,Green,30,,6,,,LINDBERG_COMPLEX,Lindberg / Complex,20,34.98,54.98,15,69.98,69.98,Yes,
TINTED,Tinted (Mono RX),1.56,BLUE_PRO,Blue PRO,14.49,28.98,FULL_TINT_CATALOG,Green,85,,6,,,FULL_FRAME,Full Frame,4.6,34.98,39.58,15,54.58,54.58,Yes,
TINTED,Tinted (Mono RX),1.56,BLUE_PRO,Blue PRO,14.49,28.98,FULL_TINT_CATALOG,Green,85,,6,,,NYLON_FRAME,Nylon Frame,5.9,34.98,40.88,15,55.88,55.88,Yes,
TINTED,Tinted (Mono RX),1.56,BLUE_PRO,Blue PRO,14.49,28.98,FULL_TINT_CATALOG,Green,85,,6,,,RIMLESS_PRESSING,Rimless (Plastic Pressing),12,34.98,46.98,15,61.98,61.98,Yes,
TINTED,Tinted (Mono RX),1.56,BLUE_PRO,Blue PRO,14.49,28.98,FULL_TINT_CATALOG,Green,85,,6,,,RIMLESS_INDIVIDUAL,Rimless (Individual Mountings),20,34.98,54.98,15,69.98,69.98,Yes,
TINTED,Tinted (Mono RX),1.56,BLUE_PRO,Blue PRO,14.49,28.98,FULL_TINT_CATALOG,Green,85,,6,,,LINDBERG_COMPLEX,Lindberg / Complex,20,34.98,54.98,15,69.98,69.98,Yes,
TINTED,Tinted (Mono RX),1.56,BLUE_PRO,Blue PRO,14.49,28.98,GRADIENT,Brown,,50->0,12,,,FULL_FRAME,Full Frame,4.6,40.98,45.58,15,60.58,60.58,Yes,
TINTED,Tinted (Mono RX),1.56,BLUE_PRO,Blue PRO,14.49,28.98,GRADIENT,Brown,,50->0,12,,,NYLON_FRAME,Nylon Frame,5.9,40.98,46.88,15,61.88,61.88,Yes,
TINTED,Tinted (Mono RX),1.56,BLUE_PRO,Blue PRO,14.49,28.98,GRADIENT,Brown,,50->0,12,,,RIMLESS_PRESSING,Rimless (Plastic Pressing),12,40.98,52.98,15,67.98,67.98,Yes,
TINTED,Tinted (Mono RX),1.56,BLUE_PRO,Blue PRO,14.49,28.98,GRADIENT,Brown,,50->0,12,,,RIMLESS_INDIVIDUAL,Rimless (Individual Mountings),20,40.98,60.98,15,75.98,75.98,Yes,
TINTED,Tinted (Mono RX),1.56,BLUE_PRO,Blue PRO,14.49,28.98,GRADIENT,Brown,,50->0,12,,,LINDBERG_COMPLEX,Lindberg / Complex,20,40.98,60.98,15,75.98,75.98,Yes,
TINTED,Tinted (Mono RX),1.56,BLUE_PRO,Blue PRO,14.49,28.98,GRADIENT,Grey,,30->0,12,,,FULL_FRAME,Full Frame,4.6,40.98,45.58,15,60.58,60.58,Yes,
TINTED,Tinted (Mono RX),1.56,BLUE_PRO,Blue PRO,14.49,28.98,GRADIENT,Grey,,30->0,12,,,NYLON_FRAME,Nylon Frame,5.9,40.98,46.88,15,61.88,61.88,Yes,
TINTED,Tinted (Mono RX),1.56,BLUE_PRO,Blue PRO,14.49,28.98,GRADIENT,Grey,,30->0,12,,,RIMLESS_PRESSING,Rimless (Plastic Pressing),12,40.98,52.98,15,67.98,67.98,Yes,
TINTED,Tinted (Mono RX),1.56,BLUE_PRO,Blue PRO,14.49,28.98,GRADIENT,Grey,,30->0,12,,,RIMLESS_INDIVIDUAL,Rimless (Individual Mountings),20,40.98,60.98,15,75.98,75.98,Yes,
TINTED,Tinted (Mono RX),1.56,BLUE_PRO,Blue PRO,14.49,28.98,GRADIENT,Grey,,30->0,12,,,LINDBERG_COMPLEX,Lindberg / Complex,20,40.98,60.98,15,75.98,75.98,Yes,
TINTED,Tinted (Mono RX),1.56,BLUE_PRO,Blue PRO,14.49,28.98,GRADIENT,Green,,90->15,12,,,FULL_FRAME,Full Frame,4.6,40.98,45.58,15,60.58,60.58,Yes,
TINTED,Tinted (Mono RX),1.56,BLUE_PRO,Blue PRO,14.49,28.98,GRADIENT,Green,,90->15,12,,,NYLON_FRAME,Nylon Frame,5.9,40.98,46.88,15,61.88,61.88,Yes,
TINTED,Tinted (Mono RX),1.56,BLUE_PRO,Blue PRO,14.49,28.98,GRADIENT,Green,,90->15,12,,,RIMLESS_PRESSING,Rimless (Plastic Pressing),12,40.98,52.98,15,67.98,67.98,Yes,
TINTED,Tinted (Mono RX),1.56,BLUE_PRO,Blue PRO,14.49,28.98,GRADIENT,Green,,90->15,12,,,RIMLESS_INDIVIDUAL,Rimless (Individual Mountings),20,40.98,60.98,15,75.98,75.98,Yes,
TINTED,Tinted (Mono RX),1.56,BLUE_PRO,Blue PRO,14.49,28.98,GRADIENT,Green,,90->15,12,,,LINDBERG_COMPLEX,Lindberg / Complex,20,40.98,60.98,15,75.98,75.98,Yes,
TINTED,Tinted (Mono RX),1.6,SERICUM_UV,UV Protection,22.98,45.96,FULL_TINT_CATALOG,Brown,15,,6,,,FULL_FRAME,Full Frame,4.6,51.96,56.56,15,71.56,71.56,Yes,
TINTED,Tinted (Mono RX),1.6,SERICUM_UV,UV Protection,22.98,45.96,FULL_TINT_CATALOG,Brown,15,,6,,,NYLON_FRAME,Nylon Frame,5.9,51.96,57.86,15,72.86,72.86,Yes,
TINTED,Tinted (Mono RX),1.6,SERICUM_UV,UV Protection,22.98,45.96,FULL_TINT_CATALOG,Brown,15,,6,,,RIMLESS_PRESSING,Rimless (Plastic Pressing),12,51.96,63.96,15,78.96,78.96,Yes,
TINTED,Tinted (Mono RX),1.6,SERICUM_UV,UV Protection,22.98,45.96,FULL_TINT_CATALOG,Brown,15,,6,,,RIMLESS_INDIVIDUAL,Rimless (Individual Mountings),20,51.96,71.96,15,86.96,86.96,Yes,
TINTED,Tinted (Mono RX),1.6,SERICUM_UV,UV Protection,22.98,45.96,FULL_TINT_CATALOG,Brown,15,,6,,,LINDBERG_COMPLEX,Lindberg / Complex,20,51.96,71.96,15,86.96,86.96,Yes,
TINTED,Tinted (Mono RX),1.6,SERICUM_UV,UV Protection,22.98,45.96,FULL_TINT_CATALOG,Brown,50,,6,,,FULL_FRAME,Full Frame,4.6,51.96,56.56,15,71.56,71.56,Yes,
TINTED,Tinted (Mono RX),1.6,SERICUM_UV,UV Protection,22.98,45.96,FULL_TINT_CATALOG,Brown,50,,6,,,NYLON_FRAME,Nylon Frame,5.9,51.96,57.86,15,72.86,72.86,Yes,
TINTED,Tinted (Mono RX),1.6,SERICUM_UV,UV Protection,22.98,45.96,FULL_TINT_CATALOG,Brown,50,,6,,,RIMLESS_PRESSING,Rimless (Plastic Pressing),12,51.96,63.96,15,78.96,78.96,Yes,
TINTED,Tinted (Mono RX),1.6,SERICUM_UV,UV Protection,22.98,45.96,FULL_TINT_CATALOG,Brown,50,,6,,,RIMLESS_INDIVIDUAL,Rimless (Individual Mountings),20,51.96,71.96,15,86.96,86.96,Yes,
TINTED,Tinted (Mono RX),1.6,SERICUM_UV,UV Protection,22.98,45.96,FULL_TINT_CATALOG,Brown,50,,6,,,LINDBERG_COMPLEX,Lindberg / Complex,20,51.96,71.96,15,86.96,86.96,Yes,
TINTED,Tinted (Mono RX),1.6,SERICUM_UV,UV Protection,22.98,45.96,FULL_TINT_CATALOG,Brown,85,,6,,,FULL_FRAME,Full Frame,4.6,51.96,56.56,15,71.56,71.56,Yes,
TINTED,Tinted (Mono RX),1.6,SERICUM_UV,UV Protection,22.98,45.96,FULL_TINT_CATALOG,Brown,85,,6,,,NYLON_FRAME,Nylon Frame,5.9,51.96,57.86,15,72.86,72.86,Yes,
TINTED,Tinted (Mono RX),1.6,SERICUM_UV,UV Protection,22.98,45.96,FULL_TINT_CATALOG,Brown,85,,6,,,RIMLESS_PRESSING,Rimless (Plastic Pressing),12,51.96,63.96,15,78.96,78.96,Yes,
TINTED,Tinted (Mono RX),1.6,SERICUM_UV,UV Protection,22.98,45.96,FULL_TINT_CATALOG,Brown,85,,6,,,RIMLESS_INDIVIDUAL,Rimless (Individual Mountings),20,51.96,71.96,15,86.96,86.96,Yes,
TINTED,Tinted (Mono RX),1.6,SERICUM_UV,UV Protection,22.98,45.96,FULL_TINT_CATALOG,Brown,85,,6,,,LINDBERG_COMPLEX,Lindberg / Complex,20,51.96,71.96,15,86.96,86.96,Yes,
TINTED,Tinted (Mono RX),1.6,SERICUM_UV,UV Protection,22.98,45.96,FULL_TINT_CATALOG,Grey,15,,6,,,FULL_FRAME,Full Frame,4.6,51.96,56.56,15,71.56,71.56,Yes,
TINTED,Tinted (Mono RX),1.6,SERICUM_UV,UV Protection,22.98,45.96,FULL_TINT_CATALOG,Grey,15,,6,,,NYLON_FRAME,Nylon Frame,5.9,51.96,57.86,15,72.86,72.86,Yes,
TINTED,Tinted (Mono RX),1.6,SERICUM_UV,UV Protection,22.98,45.96,FULL_TINT_CATALOG,Grey,15,,6,,,RIMLESS_PRESSING,Rimless (Plastic Pressing),12,51.96,63.96,15,78.96,78.96,Yes,
TINTED,Tinted (Mono RX),1.6,SERICUM_UV,UV Protection,22.98,45.96,FULL_TINT_CATALOG,Grey,15,,6,,,RIMLESS_INDIVIDUAL,Rimless (Individual Mountings),20,51.96,71.96,15,86.96,86.96,Yes,
TINTED,Tinted (Mono RX),1.6,SERICUM_UV,UV Protection,22.98,45.96,FULL_TINT_CATALOG,Grey,15,,6,,,LINDBERG_COMPLEX,Lindberg / Complex,20,51.96,71.96,15,86.96,86.96,Yes,
TINTED,Tinted (Mono RX),1.6,SERICUM_UV,UV Protection,22.98,45.96,FULL_TINT_CATALOG,Grey,70,,6,,,FULL_FRAME,Full Frame,4.6,51.96,56.56,15,71.56,71.56,Yes,
TINTED,Tinted (Mono RX),1.6,SERICUM_UV,UV Protection,22.98,45.96,FULL_TINT_CATALOG,Grey,70,,6,,,NYLON_FRAME,Nylon Frame,5.9,51.96,57.86,15,72.86,72.86,Yes,
TINTED,Tinted (Mono RX),1.6,SERICUM_UV,UV Protection,22.98,45.96,FULL_TINT_CATALOG,Grey,70,,6,,,RIMLESS_PRESSING,Rimless (Plastic Pressing),12,51.96,63.96,15,78.96,78.96,Yes,
TINTED,Tinted (Mono RX),1.6,SERICUM_UV,UV Protection,22.98,45.96,FULL_TINT_CATALOG,Grey,70,,6,,,RIMLESS_INDIVIDUAL,Rimless (Individual Mountings),20,51.96,71.96,15,86.96,86.96,Yes,
TINTED,Tinted (Mono RX),1.6,SERICUM_UV,UV Protection,22.98,45.96,FULL_TINT_CATALOG,Grey,70,,6,,,LINDBERG_COMPLEX,Lindberg / Complex,20,51.96,71.96,15,86.96,86.96,Yes,
TINTED,Tinted (Mono RX),1.6,SERICUM_UV,UV Protection,22.98,45.96,FULL_TINT_CATALOG,Grey,85,,6,,,FULL_FRAME,Full Frame,4.6,51.96,56.56,15,71.56,71.56,Yes,
TINTED,Tinted (Mono RX),1.6,SERICUM_UV,UV Protection,22.98,45.96,FULL_TINT_CATALOG,Grey,85,,6,,,NYLON_FRAME,Nylon Frame,5.9,51.96,57.86,15,72.86,72.86,Yes,
TINTED,Tinted (Mono RX),1.6,SERICUM_UV,UV Protection,22.98,45.96,FULL_TINT_CATALOG,Grey,85,,6,,,RIMLESS_PRESSING,Rimless (Plastic Pressing),12,51.96,63.96,15,78.96,78.96,Yes,
TINTED,Tinted (Mono RX),1.6,SERICUM_UV,UV Protection,22.98,45.96,FULL_TINT_CATALOG,Grey,85,,6,,,RIMLESS_INDIVIDUAL,Rimless (Individual Mountings),20,51.96,71.96,15,86.96,86.96,Yes,
TINTED,Tinted (Mono RX),1.6,SERICUM_UV,UV Protection,22.98,45.96,FULL_TINT_CATALOG,Grey,85,,6,,,LINDBERG_COMPLEX,Lindberg / Complex,20,51.96,71.96,15,86.96,86.96,Yes,
TINTED,Tinted (Mono RX),1.6,SERICUM_UV,UV Protection,22.98,45.96,FULL_TINT_CATALOG,Green,15,,6,,,FULL_FRAME,Full Frame,4.6,51.96,56.56,15,71.56,71.56,Yes,
TINTED,Tinted (Mono RX),1.6,SERICUM_UV,UV Protection,22.98,45.96,FULL_TINT_CATALOG,Green,15,,6,,,NYLON_FRAME,Nylon Frame,5.9,51.96,57.86,15,72.86,72.86,Yes,
TINTED,Tinted (Mono RX),1.6,SERICUM_UV,UV Protection,22.98,45.96,FULL_TINT_CATALOG,Green,15,,6,,,RIMLESS_PRESSING,Rimless (Plastic Pressing),12,51.96,63.96,15,78.96,78.96,Yes,
TINTED,Tinted (Mono RX),1.6,SERICUM_UV,UV Protection,22.98,45.96,FULL_TINT_CATALOG,Green,15,,6,,,RIMLESS_INDIVIDUAL,Rimless (Individual Mountings),20,51.96,71.96,15,86.96,86.96,Yes,
TINTED,Tinted (Mono RX),1.6,SERICUM_UV,UV Protection,22.98,45.96,FULL_TINT_CATALOG,Green,15,,6,,,LINDBERG_COMPLEX,Lindberg / Complex,20,51.96,71.96,15,86.96,86.96,Yes,
TINTED,Tinted (Mono RX),1.6,SERICUM_UV,UV Protection,22.98,45.96,FULL_TINT_CATALOG,Green,30,,6,,,FULL_FRAME,Full Frame,4.6,51.96,56.56,15,71.56,71.56,Yes,
TINTED,Tinted (Mono RX),1.6,SERICUM_UV,UV Protection,22.98,45.96,FULL_TINT_CATALOG,Green,30,,6,,,NYLON_FRAME,Nylon Frame,5.9,51.96,57.86,15,72.86,72.86,Yes,
TINTED,Tinted (Mono RX),1.6,SERICUM_UV,UV Protection,22.98,45.96,FULL_TINT_CATALOG,Green,30,,6,,,RIMLESS_PRESSING,Rimless (Plastic Pressing),12,51.96,63.96,15,78.96,78.96,Yes,
TINTED,Tinted (Mono RX),1.6,SERICUM_UV,UV Protection,22.98,45.96,FULL_TINT_CATALOG,Green,30,,6,,,RIMLESS_INDIVIDUAL,Rimless (Individual Mountings),20,51.96,71.96,15,86.96,86.96,Yes,
TINTED,Tinted (Mono RX),1.6,SERICUM_UV,UV Protection,22.98,45.96,FULL_TINT_CATALOG,Green,30,,6,,,LINDBERG_COMPLEX,Lindberg / Complex,20,51.96,71.96,15,86.96,86.96,Yes,
TINTED,Tinted (Mono RX),1.6,SERICUM_UV,UV Protection,22.98,45.96,FULL_TINT_CATALOG,Green,85,,6,,,FULL_FRAME,Full Frame,4.6,51.96,56.56,15,71.56,71.56,Yes,
TINTED,Tinted (Mono RX),1.6,SERICUM_UV,UV Protection,22.98,45.96,FULL_TINT_CATALOG,Green,85,,6,,,NYLON_FRAME,Nylon Frame,5.9,51.96,57.86,15,72.86,72.86,Yes,
TINTED,Tinted (Mono RX),1.6,SERICUM_UV,UV Protection,22.98,45.96,FULL_TINT_CATALOG,Green,85,,6,,,RIMLESS_PRESSING,Rimless (Plastic Pressing),12,51.96,63.96,15,78.96,78.96,Yes,
TINTED,Tinted (Mono RX),1.6,SERICUM_UV,UV Protection,22.98,45.96,FULL_TINT_CATALOG,Green,85,,6,,,RIMLESS_INDIVIDUAL,Rimless (Individual Mountings),20,51.96,71.96,15,86.96,86.96,Yes,
TINTED,Tinted (Mono RX),1.6,SERICUM_UV,UV Protection,22.98,45.96,FULL_TINT_CATALOG,Green,85,,6,,,LINDBERG_COMPLEX,Lindberg / Complex,20,51.96,71.96,15,86.96,86.96,Yes,
TINTED,Tinted (Mono RX),1.6,SERICUM_UV,UV Protection,22.98,45.96,GRADIENT,Brown,,50->0,12,,,FULL_FRAME,Full Frame,4.6,57.96,62.56,15,77.56,77.56,Yes,
TINTED,Tinted (Mono RX),1.6,SERICUM_UV,UV Protection,22.98,45.96,GRADIENT,Brown,,50->0,12,,,NYLON_FRAME,Nylon Frame,5.9,57.96,63.86,15,78.86,78.86,Yes,
TINTED,Tinted (Mono RX),1.6,SERICUM_UV,UV Protection,22.98,45.96,GRADIENT,Brown,,50->0,12,,,RIMLESS_PRESSING,Rimless (Plastic Pressing),12,57.96,69.96,15,84.96,84.96,Yes,
TINTED,Tinted (Mono RX),1.6,SERICUM_UV,UV Protection,22.98,45.96,GRADIENT,Brown,,50->0,12,,,RIMLESS_INDIVIDUAL,Rimless (Individual Mountings),20,57.96,77.96,15,92.96,92.96,Yes,
TINTED,Tinted (Mono RX),1.6,SERICUM_UV,UV Protection,22.98,45.96,GRADIENT,Brown,,50->0,12,,,LINDBERG_COMPLEX,Lindberg / Complex,20,57.96,77.96,15,92.96,92.96,Yes,
TINTED,Tinted (Mono RX),1.6,SERICUM_UV,UV Protection,22.98,45.96,GRADIENT,Grey,,30->0,12,,,FULL_FRAME,Full Frame,4.6,57.96,62.56,15,77.56,77.56,Yes,
TINTED,Tinted (Mono RX),1.6,SERICUM_UV,UV Protection,22.98,45.96,GRADIENT,Grey,,30->0,12,,,NYLON_FRAME,Nylon Frame,5.9,57.96,63.86,15,78.86,78.86,Yes,
TINTED,Tinted (Mono RX),1.6,SERICUM_UV,UV Protection,22.98,45.96,GRADIENT,Grey,,30->0,12,,,RIMLESS_PRESSING,Rimless (Plastic Pressing),12,57.96,69.96,15,84.96,84.96,Yes,
TINTED,Tinted (Mono RX),1.6,SERICUM_UV,UV Protection,22.98,45.96,GRADIENT,Grey,,30->0,12,,,RIMLESS_INDIVIDUAL,Rimless (Individual Mountings),20,57.96,77.96,15,92.96,92.96,Yes,
TINTED,Tinted (Mono RX),1.6,SERICUM_UV,UV Protection,22.98,45.96,GRADIENT,Grey,,30->0,12,,,LINDBERG_COMPLEX,Lindberg / Complex,20,57.96,77.96,15,92.96,92.96,Yes,
TINTED,Tinted (Mono RX),1.6,SERICUM_UV,UV Protection,22.98,45.96,GRADIENT,Green,,90->15,12,,,FULL_FRAME,Full Frame,4.6,57.96,62.56,15,77.56,77.56,Yes,
TINTED,Tinted (Mono RX),1.6,SERICUM_UV,UV Protection,22.98,45.96,GRADIENT,Green,,90->15,12,,,NYLON_FRAME,Nylon Frame,5.9,57.96,63.86,15,78.86,78.86,Yes,
TINTED,Tinted (Mono RX),1.6,SERICUM_UV,UV Protection,22.98,45.96,GRADIENT,Green,,90->15,12,,,RIMLESS_PRESSING,Rimless (Plastic Pressing),12,57.96,69.96,15,84.96,84.96,Yes,
TINTED,Tinted (Mono RX),1.6,SERICUM_UV,UV Protection,22.98,45.96,GRADIENT,Green,,90->15,12,,,RIMLESS_INDIVIDUAL,Rimless (Individual Mountings),20,57.96,77.96,15,92.96,92.96,Yes,
TINTED,Tinted (Mono RX),1.6,SERICUM_UV,UV Protection,22.98,45.96,GRADIENT,Green,,90->15,12,,,LINDBERG_COMPLEX,Lindberg / Complex,20,57.96,77.96,15,92.96,92.96,Yes,
TINTED,Tinted (Mono RX),1.6,BLUE_PRO,Blue PRO,22.98,45.96,FULL_TINT_CATALOG,Brown,15,,6,,,FULL_FRAME,Full Frame,4.6,51.96,56.56,15,71.56,71.56,Yes,
TINTED,Tinted (Mono RX),1.6,BLUE_PRO,Blue PRO,22.98,45.96,FULL_TINT_CATALOG,Brown,15,,6,,,NYLON_FRAME,Nylon Frame,5.9,51.96,57.86,15,72.86,72.86,Yes,
TINTED,Tinted (Mono RX),1.6,BLUE_PRO,Blue PRO,22.98,45.96,FULL_TINT_CATALOG,Brown,15,,6,,,RIMLESS_PRESSING,Rimless (Plastic Pressing),12,51.96,63.96,15,78.96,78.96,Yes,
TINTED,Tinted (Mono RX),1.6,BLUE_PRO,Blue PRO,22.98,45.96,FULL_TINT_CATALOG,Brown,15,,6,,,RIMLESS_INDIVIDUAL,Rimless (Individual Mountings),20,51.96,71.96,15,86.96,86.96,Yes,
TINTED,Tinted (Mono RX),1.6,BLUE_PRO,Blue PRO,22.98,45.96,FULL_TINT_CATALOG,Brown,15,,6,,,LINDBERG_COMPLEX,Lindberg / Complex,20,51.96,71.96,15,86.96,86.96,Yes,
TINTED,Tinted (Mono RX),1.6,BLUE_PRO,Blue PRO,22.98,45.96,FULL_TINT_CATALOG,Brown,50,,6,,,FULL_FRAME,Full Frame,4.6,51.96,56.56,15,71.56,71.56,Yes,
TINTED,Tinted (Mono RX),1.6,BLUE_PRO,Blue PRO,22.98,45.96,FULL_TINT_CATALOG,Brown,50,,6,,,NYLON_FRAME,Nylon Frame,5.9,51.96,57.86,15,72.86,72.86,Yes,
TINTED,Tinted (Mono RX),1.6,BLUE_PRO,Blue PRO,22.98,45.96,FULL_TINT_CATALOG,Brown,50,,6,,,RIMLESS_PRESSING,Rimless (Plastic Pressing),12,51.96,63.96,15,78.96,78.96,Yes,
TINTED,Tinted (Mono RX),1.6,BLUE_PRO,Blue PRO,22.98,45.96,FULL_TINT_CATALOG,Brown,50,,6,,,RIMLESS_INDIVIDUAL,Rimless (Individual Mountings),20,51.96,71.96,15,86.96,86.96,Yes,
TINTED,Tinted (Mono RX),1.6,BLUE_PRO,Blue PRO,22.98,45.96,FULL_TINT_CATALOG,Brown,50,,6,,,LINDBERG_COMPLEX,Lindberg / Complex,20,51.96,71.96,15,86.96,86.96,Yes,
TINTED,Tinted (Mono RX),1.6,BLUE_PRO,Blue PRO,22.98,45.96,FULL_TINT_CATALOG,Brown,85,,6,,,FULL_FRAME,Full Frame,4.6,51.96,56.56,15,71.56,71.56,Yes,
TINTED,Tinted (Mono RX),1.6,BLUE_PRO,Blue PRO,22.98,45.96,FULL_TINT_CATALOG,Brown,85,,6,,,NYLON_FRAME,Nylon Frame,5.9,51.96,57.86,15,72.86,72.86,Yes,
TINTED,Tinted (Mono RX),1.6,BLUE_PRO,Blue PRO,22.98,45.96,FULL_TINT_CATALOG,Brown,85,,6,,,RIMLESS_PRESSING,Rimless (Plastic Pressing),12,51.96,63.96,15,78.96,78.96,Yes,
TINTED,Tinted (Mono RX),1.6,BLUE_PRO,Blue PRO,22.98,45.96,FULL_TINT_CATALOG,Brown,85,,6,,,RIMLESS_INDIVIDUAL,Rimless (Individual Mountings),20,51.96,71.96,15,86.96,86.96,Yes,
TINTED,Tinted (Mono RX),1.6,BLUE_PRO,Blue PRO,22.98,45.96,FULL_TINT_CATALOG,Brown,85,,6,,,LINDBERG_COMPLEX,Lindberg / Complex,20,51.96,71.96,15,86.96,86.96,Yes,
TINTED,Tinted (Mono RX),1.6,BLUE_PRO,Blue PRO,22.98,45.96,FULL_TINT_CATALOG,Grey,15,,6,,,FULL_FRAME,Full Frame,4.6,51.96,56.56,15,71.56,71.56,Yes,
TINTED,Tinted (Mono RX),1.6,BLUE_PRO,Blue PRO,22.98,45.96,FULL_TINT_CATALOG,Grey,15,,6,,,NYLON_FRAME,Nylon Frame,5.9,51.96,57.86,15,72.86,72.86,Yes,
TINTED,Tinted (Mono RX),1.6,BLUE_PRO,Blue PRO,22.98,45.96,FULL_TINT_CATALOG,Grey,15,,6,,,RIMLESS_PRESSING,Rimless (Plastic Pressing),12,51.96,63.96,15,78.96,78.96,Yes,
TINTED,Tinted (Mono RX),1.6,BLUE_PRO,Blue PRO,22.98,45.96,FULL_TINT_CATALOG,Grey,15,,6,,,RIMLESS_INDIVIDUAL,Rimless (Individual Mountings),20,51.96,71.96,15,86.96,86.96,Yes,
TINTED,Tinted (Mono RX),1.6,BLUE_PRO,Blue PRO,22.98,45.96,FULL_TINT_CATALOG,Grey,15,,6,,,LINDBERG_COMPLEX,Lindberg / Complex,20,51.96,71.96,15,86.96,86.96,Yes,
TINTED,Tinted (Mono RX),1.6,BLUE_PRO,Blue PRO,22.98,45.96,FULL_TINT_CATALOG,Grey,70,,6,,,FULL_FRAME,Full Frame,4.6,51.96,56.56,15,71.56,71.56,Yes,
TINTED,Tinted (Mono RX),1.6,BLUE_PRO,Blue PRO,22.98,45.96,FULL_TINT_CATALOG,Grey,70,,6,,,NYLON_FRAME,Nylon Frame,5.9,51.96,57.86,15,72.86,72.86,Yes,
TINTED,Tinted (Mono RX),1.6,BLUE_PRO,Blue PRO,22.98,45.96,FULL_TINT_CATALOG,Grey,70,,6,,,RIMLESS_PRESSING,Rimless (Plastic Pressing),12,51.96,63.96,15,78.96,78.96,Yes,
TINTED,Tinted (Mono RX),1.6,BLUE_PRO,Blue PRO,22.98,45.96,FULL_TINT_CATALOG,Grey,70,,6,,,RIMLESS_INDIVIDUAL,Rimless (Individual Mountings),20,51.96,71.96,15,86.96,86.96,Yes,
TINTED,Tinted (Mono RX),1.6,BLUE_PRO,Blue PRO,22.98,45.96,FULL_TINT_CATALOG,Grey,70,,6,,,LINDBERG_COMPLEX,Lindberg / Complex,20,51.96,71.96,15,86.96,86.96,Yes,
TINTED,Tinted (Mono RX),1.6,BLUE_PRO,Blue PRO,22.98,45.96,FULL_TINT_CATALOG,Grey,85,,6,,,FULL_FRAME,Full Frame,4.6,51.96,56.56,15,71.56,71.56,Yes,
TINTED,Tinted (Mono RX),1.6,BLUE_PRO,Blue PRO,22.98,45.96,FULL_TINT_CATALOG,Grey,85,,6,,,NYLON_FRAME,Nylon Frame,5.9,51.96,57.86,15,72.86,72.86,Yes,
TINTED,Tinted (Mono RX),1.6,BLUE_PRO,Blue PRO,22.98,45.96,FULL_TINT_CATALOG,Grey,85,,6,,,RIMLESS_PRESSING,Rimless (Plastic Pressing),12,51.96,63.96,15,78.96,78.96,Yes,
TINTED,Tinted (Mono RX),1.6,BLUE_PRO,Blue PRO,22.98,45.96,FULL_TINT_CATALOG,Grey,85,,6,,,RIMLESS_INDIVIDUAL,Rimless (Individual Mountings),20,51.96,71.96,15,86.96,86.96,Yes,
TINTED,Tinted (Mono RX),1.6,BLUE_PRO,Blue PRO,22.98,45.96,FULL_TINT_CATALOG,Grey,85,,6,,,LINDBERG_COMPLEX,Lindberg / Complex,20,51.96,71.96,15,86.96,86.96,Yes,
TINTED,Tinted (Mono RX),1.6,BLUE_PRO,Blue PRO,22.98,45.96,FULL_TINT_CATALOG,Green,15,,6,,,FULL_FRAME,Full Frame,4.6,51.96,56.56,15,71.56,71.56,Yes,
TINTED,Tinted (Mono RX),1.6,BLUE_PRO,Blue PRO,22.98,45.96,FULL_TINT_CATALOG,Green,15,,6,,,NYLON_FRAME,Nylon Frame,5.9,51.96,57.86,15,72.86,72.86,Yes,
TINTED,Tinted (Mono RX),1.6,BLUE_PRO,Blue PRO,22.98,45.96,FULL_TINT_CATALOG,Green,15,,6,,,RIMLESS_PRESSING,Rimless (Plastic Pressing),12,51.96,63.96,15,78.96,78.96,Yes,
TINTED,Tinted (Mono RX),1.6,BLUE_PRO,Blue PRO,22.98,45.96,FULL_TINT_CATALOG,Green,15,,6,,,RIMLESS_INDIVIDUAL,Rimless (Individual Mountings),20,51.96,71.96,15,86.96,86.96,Yes,
TINTED,Tinted (Mono RX),1.6,BLUE_PRO,Blue PRO,22.98,45.96,FULL_TINT_CATALOG,Green,15,,6,,,LINDBERG_COMPLEX,Lindberg / Complex,20,51.96,71.96,15,86.96,86.96,Yes,
TINTED,Tinted (Mono RX),1.6,BLUE_PRO,Blue PRO,22.98,45.96,FULL_TINT_CATALOG,Green,30,,6,,,FULL_FRAME,Full Frame,4.6,51.96,56.56,15,71.56,71.56,Yes,
TINTED,Tinted (Mono RX),1.6,BLUE_PRO,Blue PRO,22.98,45.96,FULL_TINT_CATALOG,Green,30,,6,,,NYLON_FRAME,Nylon Frame,5.9,51.96,57.86,15,72.86,72.86,Yes,
TINTED,Tinted (Mono RX),1.6,BLUE_PRO,Blue PRO,22.98,45.96,FULL_TINT_CATALOG,Green,30,,6,,,RIMLESS_PRESSING,Rimless (Plastic Pressing),12,51.96,63.96,15,78.96,78.96,Yes,
TINTED,Tinted (Mono RX),1.6,BLUE_PRO,Blue PRO,22.98,45.96,FULL_TINT_CATALOG,Green,30,,6,,,RIMLESS_INDIVIDUAL,Rimless (Individual Mountings),20,51.96,71.96,15,86.96,86.96,Yes,
TINTED,Tinted (Mono RX),1.6,BLUE_PRO,Blue PRO,22.98,45.96,FULL_TINT_CATALOG,Green,30,,6,,,LINDBERG_COMPLEX,Lindberg / Complex,20,51.96,71.96,15,86.96,86.96,Yes,
TINTED,Tinted (Mono RX),1.6,BLUE_PRO,Blue PRO,22.98,45.96,FULL_TINT_CATALOG,Green,85,,6,,,FULL_FRAME,Full Frame,4.6,51.96,56.56,15,71.56,71.56,Yes,
TINTED,Tinted (Mono RX),1.6,BLUE_PRO,Blue PRO,22.98,45.96,FULL_TINT_CATALOG,Green,85,,6,,,NYLON_FRAME,Nylon Frame,5.9,51.96,57.86,15,72.86,72.86,Yes,
TINTED,Tinted (Mono RX),1.6,BLUE_PRO,Blue PRO,22.98,45.96,FULL_TINT_CATALOG,Green,85,,6,,,RIMLESS_PRESSING,Rimless (Plastic Pressing),12,51.96,63.96,15,78.96,78.96,Yes,
TINTED,Tinted (Mono RX),1.6,BLUE_PRO,Blue PRO,22.98,45.96,FULL_TINT_CATALOG,Green,85,,6,,,RIMLESS_INDIVIDUAL,Rimless (Individual Mountings),20,51.96,71.96,15,86.96,86.96,Yes,
TINTED,Tinted (Mono RX),1.6,BLUE_PRO,Blue PRO,22.98,45.96,FULL_TINT_CATALOG,Green,85,,6,,,LINDBERG_COMPLEX,Lindberg / Complex,20,51.96,71.96,15,86.96,86.96,Yes,
TINTED,Tinted (Mono RX),1.6,BLUE_PRO,Blue PRO,22.98,45.96,GRADIENT,Brown,,50->0,12,,,FULL_FRAME,Full Frame,4.6,57.96,62.56,15,77.56,77.56,Yes,
TINTED,Tinted (Mono RX),1.6,BLUE_PRO,Blue PRO,22.98,45.96,GRADIENT,Brown,,50->0,12,,,NYLON_FRAME,Nylon Frame,5.9,57.96,63.86,15,78.86,78.86,Yes,
TINTED,Tinted (Mono RX),1.6,BLUE_PRO,Blue PRO,22.98,45.96,GRADIENT,Brown,,50->0,12,,,RIMLESS_PRESSING,Rimless (Plastic Pressing),12,57.96,69.96,15,84.96,84.96,Yes,
TINTED,Tinted (Mono RX),1.6,BLUE_PRO,Blue PRO,22.98,45.96,GRADIENT,Brown,,50->0,12,,,RIMLESS_INDIVIDUAL,Rimless (Individual Mountings),20,57.96,77.96,15,92.96,92.96,Yes,
TINTED,Tinted (Mono RX),1.6,BLUE_PRO,Blue PRO,22.98,45.96,GRADIENT,Brown,,50->0,12,,,LINDBERG_COMPLEX,Lindberg / Complex,20,57.96,77.96,15,92.96,92.96,Yes,
TINTED,Tinted (Mono RX),1.6,BLUE_PRO,Blue PRO,22.98,45.96,GRADIENT,Grey,,30->0,12,,,FULL_FRAME,Full Frame,4.6,57.96,62.56,15,77.56,77.56,Yes,
TINTED,Tinted (Mono RX),1.6,BLUE_PRO,Blue PRO,22.98,45.96,GRADIENT,Grey,,30->0,12,,,NYLON_FRAME,Nylon Frame,5.9,57.96,63.86,15,78.86,78.86,Yes,
TINTED,Tinted (Mono RX),1.6,BLUE_PRO,Blue PRO,22.98,45.96,GRADIENT,Grey,,30->0,12,,,RIMLESS_PRESSING,Rimless (Plastic Pressing),12,57.96,69.96,15,84.96,84.96,Yes,
TINTED,Tinted (Mono RX),1.6,BLUE_PRO,Blue PRO,22.98,45.96,GRADIENT,Grey,,30->0,12,,,RIMLESS_INDIVIDUAL,Rimless (Individual Mountings),20,57.96,77.96,15,92.96,92.96,Yes,
TINTED,Tinted (Mono RX),1.6,BLUE_PRO,Blue PRO,22.98,45.96,GRADIENT,Grey,,30->0,12,,,LINDBERG_COMPLEX,Lindberg / Complex,20,57.96,77.96,15,92.96,92.96,Yes,
TINTED,Tinted (Mono RX),1.6,BLUE_PRO,Blue PRO,22.98,45.96,GRADIENT,Green,,90->15,12,,,FULL_FRAME,Full Frame,4.6,57.96,62.56,15,77.56,77.56,Yes,
TINTED,Tinted (Mono RX),1.6,BLUE_PRO,Blue PRO,22.98,45.96,GRADIENT,Green,,90->15,12,,,NYLON_FRAME,Nylon Frame,5.9,57.96,63.86,15,78.86,78.86,Yes,
TINTED,Tinted (Mono RX),1.6,BLUE_PRO,Blue PRO,22.98,45.96,GRADIENT,Green,,90->15,12,,,RIMLESS_PRESSING,Rimless (Plastic Pressing),12,57.96,69.96,15,84.96,84.96,Yes,
TINTED,Tinted (Mono RX),1.6,BLUE_PRO,Blue PRO,22.98,45.96,GRADIENT,Green,,90->15,12,,,RIMLESS_INDIVIDUAL,Rimless (Individual Mountings),20,57.96,77.96,15,92.96,92.96,Yes,
TINTED,Tinted (Mono RX),1.6,BLUE_PRO,Blue PRO,22.98,45.96,GRADIENT,Green,,90->15,12,,,LINDBERG_COMPLEX,Lindberg / Complex,20,57.96,77.96,15,92.96,92.96,Yes,
TINTED,Tinted (Mono RX),1.67,SERICUM_UV,UV Protection,31.07,62.14,FULL_TINT_CATALOG,Brown,15,,6,,,FULL_FRAME,Full Frame,4.6,68.14,72.74,15,87.74,87.74,Yes,
TINTED,Tinted (Mono RX),1.67,SERICUM_UV,UV Protection,31.07,62.14,FULL_TINT_CATALOG,Brown,15,,6,,,NYLON_FRAME,Nylon Frame,5.9,68.14,74.04,15,89.04,89.04,Yes,
TINTED,Tinted (Mono RX),1.67,SERICUM_UV,UV Protection,31.07,62.14,FULL_TINT_CATALOG,Brown,15,,6,,,RIMLESS_PRESSING,Rimless (Plastic Pressing),12,68.14,80.14,15,95.14,95.14,Yes,
TINTED,Tinted (Mono RX),1.67,SERICUM_UV,UV Protection,31.07,62.14,FULL_TINT_CATALOG,Brown,15,,6,,,RIMLESS_INDIVIDUAL,Rimless (Individual Mountings),20,68.14,88.14,15,103.14,103.14,Yes,
TINTED,Tinted (Mono RX),1.67,SERICUM_UV,UV Protection,31.07,62.14,FULL_TINT_CATALOG,Brown,15,,6,,,LINDBERG_COMPLEX,Lindberg / Complex,20,68.14,88.14,15,103.14,103.14,Yes,
TINTED,Tinted (Mono RX),1.67,SERICUM_UV,UV Protection,31.07,62.14,FULL_TINT_CATALOG,Brown,50,,6,,,FULL_FRAME,Full Frame,4.6,68.14,72.74,15,87.74,87.74,Yes,
TINTED,Tinted (Mono RX),1.67,SERICUM_UV,UV Protection,31.07,62.14,FULL_TINT_CATALOG,Brown,50,,6,,,NYLON_FRAME,Nylon Frame,5.9,68.14,74.04,15,89.04,89.04,Yes,
TINTED,Tinted (Mono RX),1.67,SERICUM_UV,UV Protection,31.07,62.14,FULL_TINT_CATALOG,Brown,50,,6,,,RIMLESS_PRESSING,Rimless (Plastic Pressing),12,68.14,80.14,15,95.14,95.14,Yes,
TINTED,Tinted (Mono RX),1.67,SERICUM_UV,UV Protection,31.07,62.14,FULL_TINT_CATALOG,Brown,50,,6,,,RIMLESS_INDIVIDUAL,Rimless (Individual Mountings),20,68.14,88.14,15,103.14,103.14,Yes,
TINTED,Tinted (Mono RX),1.67,SERICUM_UV,UV Protection,31.07,62.14,FULL_TINT_CATALOG,Brown,50,,6,,,LINDBERG_COMPLEX,Lindberg / Complex,20,68.14,88.14,15,103.14,103.14,Yes,
TINTED,Tinted (Mono RX),1.67,SERICUM_UV,UV Protection,31.07,62.14,FULL_TINT_CATALOG,Brown,85,,6,,,FULL_FRAME,Full Frame,4.6,68.14,72.74,15,87.74,87.74,Yes,
TINTED,Tinted (Mono RX),1.67,SERICUM_UV,UV Protection,31.07,62.14,FULL_TINT_CATALOG,Brown,85,,6,,,NYLON_FRAME,Nylon Frame,5.9,68.14,74.04,15,89.04,89.04,Yes,
TINTED,Tinted (Mono RX),1.67,SERICUM_UV,UV Protection,31.07,62.14,FULL_TINT_CATALOG,Brown,85,,6,,,RIMLESS_PRESSING,Rimless (Plastic Pressing),12,68.14,80.14,15,95.14,95.14,Yes,
TINTED,Tinted (Mono RX),1.67,SERICUM_UV,UV Protection,31.07,62.14,FULL_TINT_CATALOG,Brown,85,,6,,,RIMLESS_INDIVIDUAL,Rimless (Individual Mountings),20,68.14,88.14,15,103.14,103.14,Yes,
TINTED,Tinted (Mono RX),1.67,SERICUM_UV,UV Protection,31.07,62.14,FULL_TINT_CATALOG,Brown,85,,6,,,LINDBERG_COMPLEX,Lindberg / Complex,20,68.14,88.14,15,103.14,103.14,Yes,
TINTED,Tinted (Mono RX),1.67,SERICUM_UV,UV Protection,31.07,62.14,FULL_TINT_CATALOG,Grey,15,,6,,,FULL_FRAME,Full Frame,4.6,68.14,72.74,15,87.74,87.74,Yes,
TINTED,Tinted (Mono RX),1.67,SERICUM_UV,UV Protection,31.07,62.14,FULL_TINT_CATALOG,Grey,15,,6,,,NYLON_FRAME,Nylon Frame,5.9,68.14,74.04,15,89.04,89.04,Yes,
TINTED,Tinted (Mono RX),1.67,SERICUM_UV,UV Protection,31.07,62.14,FULL_TINT_CATALOG,Grey,15,,6,,,RIMLESS_PRESSING,Rimless (Plastic Pressing),12,68.14,80.14,15,95.14,95.14,Yes,
TINTED,Tinted (Mono RX),1.67,SERICUM_UV,UV Protection,31.07,62.14,FULL_TINT_CATALOG,Grey,15,,6,,,RIMLESS_INDIVIDUAL,Rimless (Individual Mountings),20,68.14,88.14,15,103.14,103.14,Yes,
TINTED,Tinted (Mono RX),1.67,SERICUM_UV,UV Protection,31.07,62.14,FULL_TINT_CATALOG,Grey,15,,6,,,LINDBERG_COMPLEX,Lindberg / Complex,20,68.14,88.14,15,103.14,103.14,Yes,
TINTED,Tinted (Mono RX),1.67,SERICUM_UV,UV Protection,31.07,62.14,FULL_TINT_CATALOG,Grey,70,,6,,,FULL_FRAME,Full Frame,4.6,68.14,72.74,15,87.74,87.74,Yes,
TINTED,Tinted (Mono RX),1.67,SERICUM_UV,UV Protection,31.07,62.14,FULL_TINT_CATALOG,Grey,70,,6,,,NYLON_FRAME,Nylon Frame,5.9,68.14,74.04,15,89.04,89.04,Yes,
TINTED,Tinted (Mono RX),1.67,SERICUM_UV,UV Protection,31.07,62.14,FULL_TINT_CATALOG,Grey,70,,6,,,RIMLESS_PRESSING,Rimless (Plastic Pressing),12,68.14,80.14,15,95.14,95.14,Yes,
TINTED,Tinted (Mono RX),1.67,SERICUM_UV,UV Protection,31.07,62.14,FULL_TINT_CATALOG,Grey,70,,6,,,RIMLESS_INDIVIDUAL,Rimless (Individual Mountings),20,68.14,88.14,15,103.14,103.14,Yes,
TINTED,Tinted (Mono RX),1.67,SERICUM_UV,UV Protection,31.07,62.14,FULL_TINT_CATALOG,Grey,70,,6,,,LINDBERG_COMPLEX,Lindberg / Complex,20,68.14,88.14,15,103.14,103.14,Yes,
TINTED,Tinted (Mono RX),1.67,SERICUM_UV,UV Protection,31.07,62.14,FULL_TINT_CATALOG,Grey,85,,6,,,FULL_FRAME,Full Frame,4.6,68.14,72.74,15,87.74,87.74,Yes,
TINTED,Tinted (Mono RX),1.67,SERICUM_UV,UV Protection,31.07,62.14,FULL_TINT_CATALOG,Grey,85,,6,,,NYLON_FRAME,Nylon Frame,5.9,68.14,74.04,15,89.04,89.04,Yes,
TINTED,Tinted (Mono RX),1.67,SERICUM_UV,UV Protection,31.07,62.14,FULL_TINT_CATALOG,Grey,85,,6,,,RIMLESS_PRESSING,Rimless (Plastic Pressing),12,68.14,80.14,15,95.14,95.14,Yes,
TINTED,Tinted (Mono RX),1.67,SERICUM_UV,UV Protection,31.07,62.14,FULL_TINT_CATALOG,Grey,85,,6,,,RIMLESS_INDIVIDUAL,Rimless (Individual Mountings),20,68.14,88.14,15,103.14,103.14,Yes,
TINTED,Tinted (Mono RX),1.67,SERICUM_UV,UV Protection,31.07,62.14,FULL_TINT_CATALOG,Grey,85,,6,,,LINDBERG_COMPLEX,Lindberg / Complex,20,68.14,88.14,15,103.14,103.14,Yes,
TINTED,Tinted (Mono RX),1.67,SERICUM_UV,UV Protection,31.07,62.14,FULL_TINT_CATALOG,Green,15,,6,,,FULL_FRAME,Full Frame,4.6,68.14,72.74,15,87.74,87.74,Yes,
TINTED,Tinted (Mono RX),1.67,SERICUM_UV,UV Protection,31.07,62.14,FULL_TINT_CATALOG,Green,15,,6,,,NYLON_FRAME,Nylon Frame,5.9,68.14,74.04,15,89.04,89.04,Yes,
TINTED,Tinted (Mono RX),1.67,SERICUM_UV,UV Protection,31.07,62.14,FULL_TINT_CATALOG,Green,15,,6,,,RIMLESS_PRESSING,Rimless (Plastic Pressing),12,68.14,80.14,15,95.14,95.14,Yes,
TINTED,Tinted (Mono RX),1.67,SERICUM_UV,UV Protection,31.07,62.14,FULL_TINT_CATALOG,Green,15,,6,,,RIMLESS_INDIVIDUAL,Rimless (Individual Mountings),20,68.14,88.14,15,103.14,103.14,Yes,
TINTED,Tinted (Mono RX),1.67,SERICUM_UV,UV Protection,31.07,62.14,FULL_TINT_CATALOG,Green,15,,6,,,LINDBERG_COMPLEX,Lindberg / Complex,20,68.14,88.14,15,103.14,103.14,Yes,
TINTED,Tinted (Mono RX),1.67,SERICUM_UV,UV Protection,31.07,62.14,FULL_TINT_CATALOG,Green,30,,6,,,FULL_FRAME,Full Frame,4.6,68.14,72.74,15,87.74,87.74,Yes,
TINTED,Tinted (Mono RX),1.67,SERICUM_UV,UV Protection,31.07,62.14,FULL_TINT_CATALOG,Green,30,,6,,,NYLON_FRAME,Nylon Frame,5.9,68.14,74.04,15,89.04,89.04,Yes,
TINTED,Tinted (Mono RX),1.67,SERICUM_UV,UV Protection,31.07,62.14,FULL_TINT_CATALOG,Green,30,,6,,,RIMLESS_PRESSING,Rimless (Plastic Pressing),12,68.14,80.14,15,95.14,95.14,Yes,
TINTED,Tinted (Mono RX),1.67,SERICUM_UV,UV Protection,31.07,62.14,FULL_TINT_CATALOG,Green,30,,6,,,RIMLESS_INDIVIDUAL,Rimless (Individual Mountings),20,68.14,88.14,15,103.14,103.14,Yes,
TINTED,Tinted (Mono RX),1.67,SERICUM_UV,UV Protection,31.07,62.14,FULL_TINT_CATALOG,Green,30,,6,,,LINDBERG_COMPLEX,Lindberg / Complex,20,68.14,88.14,15,103.14,103.14,Yes,
TINTED,Tinted (Mono RX),1.67,SERICUM_UV,UV Protection,31.07,62.14,FULL_TINT_CATALOG,Green,85,,6,,,FULL_FRAME,Full Frame,4.6,68.14,72.74,15,87.74,87.74,Yes,
TINTED,Tinted (Mono RX),1.67,SERICUM_UV,UV Protection,31.07,62.14,FULL_TINT_CATALOG,Green,85,,6,,,NYLON_FRAME,Nylon Frame,5.9,68.14,74.04,15,89.04,89.04,Yes,
TINTED,Tinted (Mono RX),1.67,SERICUM_UV,UV Protection,31.07,62.14,FULL_TINT_CATALOG,Green,85,,6,,,RIMLESS_PRESSING,Rimless (Plastic Pressing),12,68.14,80.14,15,95.14,95.14,Yes,
TINTED,Tinted (Mono RX),1.67,SERICUM_UV,UV Protection,31.07,62.14,FULL_TINT_CATALOG,Green,85,,6,,,RIMLESS_INDIVIDUAL,Rimless (Individual Mountings),20,68.14,88.14,15,103.14,103.14,Yes,
TINTED,Tinted (Mono RX),1.67,SERICUM_UV,UV Protection,31.07,62.14,FULL_TINT_CATALOG,Green,85,,6,,,LINDBERG_COMPLEX,Lindberg / Complex,20,68.14,88.14,15,103.14,103.14,Yes,
TINTED,Tinted (Mono RX),1.67,SERICUM_UV,UV Protection,31.07,62.14,GRADIENT,Brown,,50->0,12,,,FULL_FRAME,Full Frame,4.6,74.14,78.74,15,93.74,93.74,Yes,
TINTED,Tinted (Mono RX),1.67,SERICUM_UV,UV Protection,31.07,62.14,GRADIENT,Brown,,50->0,12,,,NYLON_FRAME,Nylon Frame,5.9,74.14,80.04,15,95.04,95.04,Yes,
TINTED,Tinted (Mono RX),1.67,SERICUM_UV,UV Protection,31.07,62.14,GRADIENT,Brown,,50->0,12,,,RIMLESS_PRESSING,Rimless (Plastic Pressing),12,74.14,86.14,15,101.14,101.14,Yes,
TINTED,Tinted (Mono RX),1.67,SERICUM_UV,UV Protection,31.07,62.14,GRADIENT,Brown,,50->0,12,,,RIMLESS_INDIVIDUAL,Rimless (Individual Mountings),20,74.14,94.14,15,109.14,109.14,Yes,
TINTED,Tinted (Mono RX),1.67,SERICUM_UV,UV Protection,31.07,62.14,GRADIENT,Brown,,50->0,12,,,LINDBERG_COMPLEX,Lindberg / Complex,20,74.14,94.14,15,109.14,109.14,Yes,
TINTED,Tinted (Mono RX),1.67,SERICUM_UV,UV Protection,31.07,62.14,GRADIENT,Grey,,30->0,12,,,FULL_FRAME,Full Frame,4.6,74.14,78.74,15,93.74,93.74,Yes,
TINTED,Tinted (Mono RX),1.67,SERICUM_UV,UV Protection,31.07,62.14,GRADIENT,Grey,,30->0,12,,,NYLON_FRAME,Nylon Frame,5.9,74.14,80.04,15,95.04,95.04,Yes,
TINTED,Tinted (Mono RX),1.67,SERICUM_UV,UV Protection,31.07,62.14,GRADIENT,Grey,,30->0,12,,,RIMLESS_PRESSING,Rimless (Plastic Pressing),12,74.14,86.14,15,101.14,101.14,Yes,
TINTED,Tinted (Mono RX),1.67,SERICUM_UV,UV Protection,31.07,62.14,GRADIENT,Grey,,30->0,12,,,RIMLESS_INDIVIDUAL,Rimless (Individual Mountings),20,74.14,94.14,15,109.14,109.14,Yes,
TINTED,Tinted (Mono RX),1.67,SERICUM_UV,UV Protection,31.07,62.14,GRADIENT,Grey,,30->0,12,,,LINDBERG_COMPLEX,Lindberg / Complex,20,74.14,94.14,15,109.14,109.14,Yes,
TINTED,Tinted (Mono RX),1.67,SERICUM_UV,UV Protection,31.07,62.14,GRADIENT,Green,,90->15,12,,,FULL_FRAME,Full Frame,4.6,74.14,78.74,15,93.74,93.74,Yes,
TINTED,Tinted (Mono RX),1.67,SERICUM_UV,UV Protection,31.07,62.14,GRADIENT,Green,,90->15,12,,,NYLON_FRAME,Nylon Frame,5.9,74.14,80.04,15,95.04,95.04,Yes,
TINTED,Tinted (Mono RX),1.67,SERICUM_UV,UV Protection,31.07,62.14,GRADIENT,Green,,90->15,12,,,RIMLESS_PRESSING,Rimless (Plastic Pressing),12,74.14,86.14,15,101.14,101.14,Yes,
TINTED,Tinted (Mono RX),1.67,SERICUM_UV,UV Protection,31.07,62.14,GRADIENT,Green,,90->15,12,,,RIMLESS_INDIVIDUAL,Rimless (Individual Mountings),20,74.14,94.14,15,109.14,109.14,Yes,
TINTED,Tinted (Mono RX),1.67,SERICUM_UV,UV Protection,31.07,62.14,GRADIENT,Green,,90->15,12,,,LINDBERG_COMPLEX,Lindberg / Complex,20,74.14,94.14,15,109.14,109.14,Yes,
TINTED,Tinted (Mono RX),1.67,BLUE_PRO,Blue PRO,31.07,62.14,FULL_TINT_CATALOG,Brown,15,,6,,,FULL_FRAME,Full Frame,4.6,68.14,72.74,15,87.74,87.74,Yes,
TINTED,Tinted (Mono RX),1.67,BLUE_PRO,Blue PRO,31.07,62.14,FULL_TINT_CATALOG,Brown,15,,6,,,NYLON_FRAME,Nylon Frame,5.9,68.14,74.04,15,89.04,89.04,Yes,
TINTED,Tinted (Mono RX),1.67,BLUE_PRO,Blue PRO,31.07,62.14,FULL_TINT_CATALOG,Brown,15,,6,,,RIMLESS_PRESSING,Rimless (Plastic Pressing),12,68.14,80.14,15,95.14,95.14,Yes,
TINTED,Tinted (Mono RX),1.67,BLUE_PRO,Blue PRO,31.07,62.14,FULL_TINT_CATALOG,Brown,15,,6,,,RIMLESS_INDIVIDUAL,Rimless (Individual Mountings),20,68.14,88.14,15,103.14,103.14,Yes,
TINTED,Tinted (Mono RX),1.67,BLUE_PRO,Blue PRO,31.07,62.14,FULL_TINT_CATALOG,Brown,15,,6,,,LINDBERG_COMPLEX,Lindberg / Complex,20,68.14,88.14,15,103.14,103.14,Yes,
TINTED,Tinted (Mono RX),1.67,BLUE_PRO,Blue PRO,31.07,62.14,FULL_TINT_CATALOG,Brown,50,,6,,,FULL_FRAME,Full Frame,4.6,68.14,72.74,15,87.74,87.74,Yes,
TINTED,Tinted (Mono RX),1.67,BLUE_PRO,Blue PRO,31.07,62.14,FULL_TINT_CATALOG,Brown,50,,6,,,NYLON_FRAME,Nylon Frame,5.9,68.14,74.04,15,89.04,89.04,Yes,
TINTED,Tinted (Mono RX),1.67,BLUE_PRO,Blue PRO,31.07,62.14,FULL_TINT_CATALOG,Brown,50,,6,,,RIMLESS_PRESSING,Rimless (Plastic Pressing),12,68.14,80.14,15,95.14,95.14,Yes,
TINTED,Tinted (Mono RX),1.67,BLUE_PRO,Blue PRO,31.07,62.14,FULL_TINT_CATALOG,Brown,50,,6,,,RIMLESS_INDIVIDUAL,Rimless (Individual Mountings),20,68.14,88.14,15,103.14,103.14,Yes,
TINTED,Tinted (Mono RX),1.67,BLUE_PRO,Blue PRO,31.07,62.14,FULL_TINT_CATALOG,Brown,50,,6,,,LINDBERG_COMPLEX,Lindberg / Complex,20,68.14,88.14,15,103.14,103.14,Yes,
TINTED,Tinted (Mono RX),1.67,BLUE_PRO,Blue PRO,31.07,62.14,FULL_TINT_CATALOG,Brown,85,,6,,,FULL_FRAME,Full Frame,4.6,68.14,72.74,15,87.74,87.74,Yes,
TINTED,Tinted (Mono RX),1.67,BLUE_PRO,Blue PRO,31.07,62.14,FULL_TINT_CATALOG,Brown,85,,6,,,NYLON_FRAME,Nylon Frame,5.9,68.14,74.04,15,89.04,89.04,Yes,
TINTED,Tinted (Mono RX),1.67,BLUE_PRO,Blue PRO,31.07,62.14,FULL_TINT_CATALOG,Brown,85,,6,,,RIMLESS_PRESSING,Rimless (Plastic Pressing),12,68.14,80.14,15,95.14,95.14,Yes,
TINTED,Tinted (Mono RX),1.67,BLUE_PRO,Blue PRO,31.07,62.14,FULL_TINT_CATALOG,Brown,85,,6,,,RIMLESS_INDIVIDUAL,Rimless (Individual Mountings),20,68.14,88.14,15,103.14,103.14,Yes,
TINTED,Tinted (Mono RX),1.67,BLUE_PRO,Blue PRO,31.07,62.14,FULL_TINT_CATALOG,Brown,85,,6,,,LINDBERG_COMPLEX,Lindberg / Complex,20,68.14,88.14,15,103.14,103.14,Yes,
TINTED,Tinted (Mono RX),1.67,BLUE_PRO,Blue PRO,31.07,62.14,FULL_TINT_CATALOG,Grey,15,,6,,,FULL_FRAME,Full Frame,4.6,68.14,72.74,15,87.74,87.74,Yes,
TINTED,Tinted (Mono RX),1.67,BLUE_PRO,Blue PRO,31.07,62.14,FULL_TINT_CATALOG,Grey,15,,6,,,NYLON_FRAME,Nylon Frame,5.9,68.14,74.04,15,89.04,89.04,Yes,
TINTED,Tinted (Mono RX),1.67,BLUE_PRO,Blue PRO,31.07,62.14,FULL_TINT_CATALOG,Grey,15,,6,,,RIMLESS_PRESSING,Rimless (Plastic Pressing),12,68.14,80.14,15,95.14,95.14,Yes,
TINTED,Tinted (Mono RX),1.67,BLUE_PRO,Blue PRO,31.07,62.14,FULL_TINT_CATALOG,Grey,15,,6,,,RIMLESS_INDIVIDUAL,Rimless (Individual Mountings),20,68.14,88.14,15,103.14,103.14,Yes,
TINTED,Tinted (Mono RX),1.67,BLUE_PRO,Blue PRO,31.07,62.14,FULL_TINT_CATALOG,Grey,15,,6,,,LINDBERG_COMPLEX,Lindberg / Complex,20,68.14,88.14,15,103.14,103.14,Yes,
TINTED,Tinted (Mono RX),1.67,BLUE_PRO,Blue PRO,31.07,62.14,FULL_TINT_CATALOG,Grey,70,,6,,,FULL_FRAME,Full Frame,4.6,68.14,72.74,15,87.74,87.74,Yes,
TINTED,Tinted (Mono RX),1.67,BLUE_PRO,Blue PRO,31.07,62.14,FULL_TINT_CATALOG,Grey,70,,6,,,NYLON_FRAME,Nylon Frame,5.9,68.14,74.04,15,89.04,89.04,Yes,
TINTED,Tinted (Mono RX),1.67,BLUE_PRO,Blue PRO,31.07,62.14,FULL_TINT_CATALOG,Grey,70,,6,,,RIMLESS_PRESSING,Rimless (Plastic Pressing),12,68.14,80.14,15,95.14,95.14,Yes,
TINTED,Tinted (Mono RX),1.67,BLUE_PRO,Blue PRO,31.07,62.14,FULL_TINT_CATALOG,Grey,70,,6,,,RIMLESS_INDIVIDUAL,Rimless (Individual Mountings),20,68.14,88.14,15,103.14,103.14,Yes,
TINTED,Tinted (Mono RX),1.67,BLUE_PRO,Blue PRO,31.07,62.14,FULL_TINT_CATALOG,Grey,70,,6,,,LINDBERG_COMPLEX,Lindberg / Complex,20,68.14,88.14,15,103.14,103.14,Yes,
TINTED,Tinted (Mono RX),1.67,BLUE_PRO,Blue PRO,31.07,62.14,FULL_TINT_CATALOG,Grey,85,,6,,,FULL_FRAME,Full Frame,4.6,68.14,72.74,15,87.74,87.74,Yes,
TINTED,Tinted (Mono RX),1.67,BLUE_PRO,Blue PRO,31.07,62.14,FULL_TINT_CATALOG,Grey,85,,6,,,NYLON_FRAME,Nylon Frame,5.9,68.14,74.04,15,89.04,89.04,Yes,
TINTED,Tinted (Mono RX),1.67,BLUE_PRO,Blue PRO,31.07,62.14,FULL_TINT_CATALOG,Grey,85,,6,,,RIMLESS_PRESSING,Rimless (Plastic Pressing),12,68.14,80.14,15,95.14,95.14,Yes,
TINTED,Tinted (Mono RX),1.67,BLUE_PRO,Blue PRO,31.07,62.14,FULL_TINT_CATALOG,Grey,85,,6,,,RIMLESS_INDIVIDUAL,Rimless (Individual Mountings),20,68.14,88.14,15,103.14,103.14,Yes,
TINTED,Tinted (Mono RX),1.67,BLUE_PRO,Blue PRO,31.07,62.14,FULL_TINT_CATALOG,Grey,85,,6,,,LINDBERG_COMPLEX,Lindberg / Complex,20,68.14,88.14,15,103.14,103.14,Yes,
TINTED,Tinted (Mono RX),1.67,BLUE_PRO,Blue PRO,31.07,62.14,FULL_TINT_CATALOG,Green,15,,6,,,FULL_FRAME,Full Frame,4.6,68.14,72.74,15,87.74,87.74,Yes,
TINTED,Tinted (Mono RX),1.67,BLUE_PRO,Blue PRO,31.07,62.14,FULL_TINT_CATALOG,Green,15,,6,,,NYLON_FRAME,Nylon Frame,5.9,68.14,74.04,15,89.04,89.04,Yes,
TINTED,Tinted (Mono RX),1.67,BLUE_PRO,Blue PRO,31.07,62.14,FULL_TINT_CATALOG,Green,15,,6,,,RIMLESS_PRESSING,Rimless (Plastic Pressing),12,68.14,80.14,15,95.14,95.14,Yes,
TINTED,Tinted (Mono RX),1.67,BLUE_PRO,Blue PRO,31.07,62.14,FULL_TINT_CATALOG,Green,15,,6,,,RIMLESS_INDIVIDUAL,Rimless (Individual Mountings),20,68.14,88.14,15,103.14,103.14,Yes,
TINTED,Tinted (Mono RX),1.67,BLUE_PRO,Blue PRO,31.07,62.14,FULL_TINT_CATALOG,Green,15,,6,,,LINDBERG_COMPLEX,Lindberg / Complex,20,68.14,88.14,15,103.14,103.14,Yes,
TINTED,Tinted (Mono RX),1.67,BLUE_PRO,Blue PRO,31.07,62.14,FULL_TINT_CATALOG,Green,30,,6,,,FULL_FRAME,Full Frame,4.6,68.14,72.74,15,87.74,87.74,Yes,
TINTED,Tinted (Mono RX),1.67,BLUE_PRO,Blue PRO,31.07,62.14,FULL_TINT_CATALOG,Green,30,,6,,,NYLON_FRAME,Nylon Frame,5.9,68.14,74.04,15,89.04,89.04,Yes,
TINTED,Tinted (Mono RX),1.67,BLUE_PRO,Blue PRO,31.07,62.14,FULL_TINT_CATALOG,Green,30,,6,,,RIMLESS_PRESSING,Rimless (Plastic Pressing),12,68.14,80.14,15,95.14,95.14,Yes,
TINTED,Tinted (Mono RX),1.67,BLUE_PRO,Blue PRO,31.07,62.14,FULL_TINT_CATALOG,Green,30,,6,,,RIMLESS_INDIVIDUAL,Rimless (Individual Mountings),20,68.14,88.14,15,103.14,103.14,Yes,
TINTED,Tinted (Mono RX),1.67,BLUE_PRO,Blue PRO,31.07,62.14,FULL_TINT_CATALOG,Green,30,,6,,,LINDBERG_COMPLEX,Lindberg / Complex,20,68.14,88.14,15,103.14,103.14,Yes,
TINTED,Tinted (Mono RX),1.67,BLUE_PRO,Blue PRO,31.07,62.14,FULL_TINT_CATALOG,Green,85,,6,,,FULL_FRAME,Full Frame,4.6,68.14,72.74,15,87.74,87.74,Yes,
TINTED,Tinted (Mono RX),1.67,BLUE_PRO,Blue PRO,31.07,62.14,FULL_TINT_CATALOG,Green,85,,6,,,NYLON_FRAME,Nylon Frame,5.9,68.14,74.04,15,89.04,89.04,Yes,
TINTED,Tinted (Mono RX),1.67,BLUE_PRO,Blue PRO,31.07,62.14,FULL_TINT_CATALOG,Green,85,,6,,,RIMLESS_PRESSING,Rimless (Plastic Pressing),12,68.14,80.14,15,95.14,95.14,Yes,
TINTED,Tinted (Mono RX),1.67,BLUE_PRO,Blue PRO,31.07,62.14,FULL_TINT_CATALOG,Green,85,,6,,,RIMLESS_INDIVIDUAL,Rimless (Individual Mountings),20,68.14,88.14,15,103.14,103.14,Yes,
TINTED,Tinted (Mono RX),1.67,BLUE_PRO,Blue PRO,31.07,62.14,FULL_TINT_CATALOG,Green,85,,6,,,LINDBERG_COMPLEX,Lindberg / Complex,20,68.14,88.14,15,103.14,103.14,Yes,
TINTED,Tinted (Mono RX),1.67,BLUE_PRO,Blue PRO,31.07,62.14,GRADIENT,Brown,,50->0,12,,,FULL_FRAME,Full Frame,4.6,74.14,78.74,15,93.74,93.74,Yes,
TINTED,Tinted (Mono RX),1.67,BLUE_PRO,Blue PRO,31.07,62.14,GRADIENT,Brown,,50->0,12,,,NYLON_FRAME,Nylon Frame,5.9,74.14,80.04,15,95.04,95.04,Yes,
TINTED,Tinted (Mono RX),1.67,BLUE_PRO,Blue PRO,31.07,62.14,GRADIENT,Brown,,50->0,12,,,RIMLESS_PRESSING,Rimless (Plastic Pressing),12,74.14,86.14,15,101.14,101.14,Yes,
TINTED,Tinted (Mono RX),1.67,BLUE_PRO,Blue PRO,31.07,62.14,GRADIENT,Brown,,50->0,12,,,RIMLESS_INDIVIDUAL,Rimless (Individual Mountings),20,74.14,94.14,15,109.14,109.14,Yes,
TINTED,Tinted (Mono RX),1.67,BLUE_PRO,Blue PRO,31.07,62.14,GRADIENT,Brown,,50->0,12,,,LINDBERG_COMPLEX,Lindberg / Complex,20,74.14,94.14,15,109.14,109.14,Yes,
TINTED,Tinted (Mono RX),1.67,BLUE_PRO,Blue PRO,31.07,62.14,GRADIENT,Grey,,30->0,12,,,FULL_FRAME,Full Frame,4.6,74.14,78.74,15,93.74,93.74,Yes,
TINTED,Tinted (Mono RX),1.67,BLUE_PRO,Blue PRO,31.07,62.14,GRADIENT,Grey,,30->0,12,,,NYLON_FRAME,Nylon Frame,5.9,74.14,80.04,15,95.04,95.04,Yes,
TINTED,Tinted (Mono RX),1.67,BLUE_PRO,Blue PRO,31.07,62.14,GRADIENT,Grey,,30->0,12,,,RIMLESS_PRESSING,Rimless (Plastic Pressing),12,74.14,86.14,15,101.14,101.14,Yes,
TINTED,Tinted (Mono RX),1.67,BLUE_PRO,Blue PRO,31.07,62.14,GRADIENT,Grey,,30->0,12,,,RIMLESS_INDIVIDUAL,Rimless (Individual Mountings),20,74.14,94.14,15,109.14,109.14,Yes,
TINTED,Tinted (Mono RX),1.67,BLUE_PRO,Blue PRO,31.07,62.14,GRADIENT,Grey,,30->0,12,,,LINDBERG_COMPLEX,Lindberg / Complex,20,74.14,94.14,15,109.14,109.14,Yes,
TINTED,Tinted (Mono RX),1.67,BLUE_PRO,Blue PRO,31.07,62.14,GRADIENT,Green,,90->15,12,,,FULL_FRAME,Full Frame,4.6,74.14,78.74,15,93.74,93.74,Yes,
TINTED,Tinted (Mono RX),1.67,BLUE_PRO,Blue PRO,31.07,62.14,GRADIENT,Green,,90->15,12,,,NYLON_FRAME,Nylon Frame,5.9,74.14,80.04,15,95.04,95.04,Yes,
TINTED,Tinted (Mono RX),1.67,BLUE_PRO,Blue PRO,31.07,62.14,GRADIENT,Green,,90->15,12,,,RIMLESS_PRESSING,Rimless (Plastic Pressing),12,74.14,86.14,15,101.14,101.14,Yes,
TINTED,Tinted (Mono RX),1.67,BLUE_PRO,Blue PRO,31.07,62.14,GRADIENT,Green,,90->15,12,,,RIMLESS_INDIVIDUAL,Rimless (Individual Mountings),20,74.14,94.14,15,109.14,109.14,Yes,
TINTED,Tinted (Mono RX),1.67,BLUE_PRO,Blue PRO,31.07,62.14,GRADIENT,Green,,90->15,12,,,LINDBERG_COMPLEX,Lindberg / Complex,20,74.14,94.14,15,109.14,109.14,Yes,
PHOTOCHROMIC_SOLIS,Photochromic (Solis II),1.56,SERICUM_UV,UV Protection,19.53,39.06,,,,,0,Brown,,FULL_FRAME,Full Frame,4.6,39.06,43.66,15,58.66,58.66,Yes,
PHOTOCHROMIC_SOLIS,Photochromic (Solis II),1.56,SERICUM_UV,UV Protection,19.53,39.06,,,,,0,Brown,,NYLON_FRAME,Nylon Frame,5.9,39.06,44.96,15,59.96,59.96,Yes,
PHOTOCHROMIC_SOLIS,Photochromic (Solis II),1.56,SERICUM_UV,UV Protection,19.53,39.06,,,,,0,Brown,,RIMLESS_PRESSING,Rimless (Plastic Pressing),12,39.06,51.06,15,66.06,66.06,Yes,
PHOTOCHROMIC_SOLIS,Photochromic (Solis II),1.56,SERICUM_UV,UV Protection,19.53,39.06,,,,,0,Brown,,RIMLESS_INDIVIDUAL,Rimless (Individual Mountings),20,39.06,59.06,15,74.06,74.06,Yes,
PHOTOCHROMIC_SOLIS,Photochromic (Solis II),1.56,SERICUM_UV,UV Protection,19.53,39.06,,,,,0,Brown,,LINDBERG_COMPLEX,Lindberg / Complex,20,39.06,59.06,15,74.06,74.06,Yes,
PHOTOCHROMIC_SOLIS,Photochromic (Solis II),1.56,SERICUM_UV,UV Protection,19.53,39.06,,,,,0,Grey,,FULL_FRAME,Full Frame,4.6,39.06,43.66,15,58.66,58.66,Yes,
PHOTOCHROMIC_SOLIS,Photochromic (Solis II),1.56,SERICUM_UV,UV Protection,19.53,39.06,,,,,0,Grey,,NYLON_FRAME,Nylon Frame,5.9,39.06,44.96,15,59.96,59.96,Yes,
PHOTOCHROMIC_SOLIS,Photochromic (Solis II),1.56,SERICUM_UV,UV Protection,19.53,39.06,,,,,0,Grey,,RIMLESS_PRESSING,Rimless (Plastic Pressing),12,39.06,51.06,15,66.06,66.06,Yes,
PHOTOCHROMIC_SOLIS,Photochromic (Solis II),1.56,SERICUM_UV,UV Protection,19.53,39.06,,,,,0,Grey,,RIMLESS_INDIVIDUAL,Rimless (Individual Mountings),20,39.06,59.06,15,74.06,74.06,Yes,
PHOTOCHROMIC_SOLIS,Photochromic (Solis II),1.56,SERICUM_UV,UV Protection,19.53,39.06,,,,,0,Grey,,LINDBERG_COMPLEX,Lindberg / Complex,20,39.06,59.06,15,74.06,74.06,Yes,
PHOTOCHROMIC_SOLIS,Photochromic (Solis II),1.56,BLUE_PRO,Blue PRO,19.53,39.06,,,,,0,Brown,,FULL_FRAME,Full Frame,4.6,39.06,43.66,15,58.66,58.66,Yes,
PHOTOCHROMIC_SOLIS,Photochromic (Solis II),1.56,BLUE_PRO,Blue PRO,19.53,39.06,,,,,0,Brown,,NYLON_FRAME,Nylon Frame,5.9,39.06,44.96,15,59.96,59.96,Yes,
PHOTOCHROMIC_SOLIS,Photochromic (Solis II),1.56,BLUE_PRO,Blue PRO,19.53,39.06,,,,,0,Brown,,RIMLESS_PRESSING,Rimless (Plastic Pressing),12,39.06,51.06,15,66.06,66.06,Yes,
PHOTOCHROMIC_SOLIS,Photochromic (Solis II),1.56,BLUE_PRO,Blue PRO,19.53,39.06,,,,,0,Brown,,RIMLESS_INDIVIDUAL,Rimless (Individual Mountings),20,39.06,59.06,15,74.06,74.06,Yes,
PHOTOCHROMIC_SOLIS,Photochromic (Solis II),1.56,BLUE_PRO,Blue PRO,19.53,39.06,,,,,0,Brown,,LINDBERG_COMPLEX,Lindberg / Complex,20,39.06,59.06,15,74.06,74.06,Yes,
PHOTOCHROMIC_SOLIS,Photochromic (Solis II),1.56,BLUE_PRO,Blue PRO,19.53,39.06,,,,,0,Grey,,FULL_FRAME,Full Frame,4.6,39.06,43.66,15,58.66,58.66,Yes,
PHOTOCHROMIC_SOLIS,Photochromic (Solis II),1.56,BLUE_PRO,Blue PRO,19.53,39.06,,,,,0,Grey,,NYLON_FRAME,Nylon Frame,5.9,39.06,44.96,15,59.96,59.96,Yes,
PHOTOCHROMIC_SOLIS,Photochromic (Solis II),1.56,BLUE_PRO,Blue PRO,19.53,39.06,,,,,0,Grey,,RIMLESS_PRESSING,Rimless (Plastic Pressing),12,39.06,51.06,15,66.06,66.06,Yes,
PHOTOCHROMIC_SOLIS,Photochromic (Solis II),1.56,BLUE_PRO,Blue PRO,19.53,39.06,,,,,0,Grey,,RIMLESS_INDIVIDUAL,Rimless (Individual Mountings),20,39.06,59.06,15,74.06,74.06,Yes,
PHOTOCHROMIC_SOLIS,Photochromic (Solis II),1.56,BLUE_PRO,Blue PRO,19.53,39.06,,,,,0,Grey,,LINDBERG_COMPLEX,Lindberg / Complex,20,39.06,59.06,15,74.06,74.06,Yes,
PHOTOCHROMIC_SOLIS,Photochromic (Solis II),1.6,SERICUM_UV,UV Protection,30.66,61.32,,,,,0,Brown,,FULL_FRAME,Full Frame,4.6,61.32,65.92,15,80.92,80.92,Yes,
PHOTOCHROMIC_SOLIS,Photochromic (Solis II),1.6,SERICUM_UV,UV Protection,30.66,61.32,,,,,0,Brown,,NYLON_FRAME,Nylon Frame,5.9,61.32,67.22,15,82.22,82.22,Yes,
PHOTOCHROMIC_SOLIS,Photochromic (Solis II),1.6,SERICUM_UV,UV Protection,30.66,61.32,,,,,0,Brown,,RIMLESS_PRESSING,Rimless (Plastic Pressing),12,61.32,73.32,15,88.32,88.32,Yes,
PHOTOCHROMIC_SOLIS,Photochromic (Solis II),1.6,SERICUM_UV,UV Protection,30.66,61.32,,,,,0,Brown,,RIMLESS_INDIVIDUAL,Rimless (Individual Mountings),20,61.32,81.32,15,96.32,96.32,Yes,
PHOTOCHROMIC_SOLIS,Photochromic (Solis II),1.6,SERICUM_UV,UV Protection,30.66,61.32,,,,,0,Brown,,LINDBERG_COMPLEX,Lindberg / Complex,20,61.32,81.32,15,96.32,96.32,Yes,
PHOTOCHROMIC_SOLIS,Photochromic (Solis II),1.6,SERICUM_UV,UV Protection,30.66,61.32,,,,,0,Grey,,FULL_FRAME,Full Frame,4.6,61.32,65.92,15,80.92,80.92,Yes,
PHOTOCHROMIC_SOLIS,Photochromic (Solis II),1.6,SERICUM_UV,UV Protection,30.66,61.32,,,,,0,Grey,,NYLON_FRAME,Nylon Frame,5.9,61.32,67.22,15,82.22,82.22,Yes,
PHOTOCHROMIC_SOLIS,Photochromic (Solis II),1.6,SERICUM_UV,UV Protection,30.66,61.32,,,,,0,Grey,,RIMLESS_PRESSING,Rimless (Plastic Pressing),12,61.32,73.32,15,88.32,88.32,Yes,
PHOTOCHROMIC_SOLIS,Photochromic (Solis II),1.6,SERICUM_UV,UV Protection,30.66,61.32,,,,,0,Grey,,RIMLESS_INDIVIDUAL,Rimless (Individual Mountings),20,61.32,81.32,15,96.32,96.32,Yes,
PHOTOCHROMIC_SOLIS,Photochromic (Solis II),1.6,SERICUM_UV,UV Protection,30.66,61.32,,,,,0,Grey,,LINDBERG_COMPLEX,Lindberg / Complex,20,61.32,81.32,15,96.32,96.32,Yes,
PHOTOCHROMIC_SOLIS,Photochromic (Solis II),1.6,BLUE_PRO,Blue PRO,30.66,61.32,,,,,0,Brown,,FULL_FRAME,Full Frame,4.6,61.32,65.92,15,80.92,80.92,Yes,
PHOTOCHROMIC_SOLIS,Photochromic (Solis II),1.6,BLUE_PRO,Blue PRO,30.66,61.32,,,,,0,Brown,,NYLON_FRAME,Nylon Frame,5.9,61.32,67.22,15,82.22,82.22,Yes,
PHOTOCHROMIC_SOLIS,Photochromic (Solis II),1.6,BLUE_PRO,Blue PRO,30.66,61.32,,,,,0,Brown,,RIMLESS_PRESSING,Rimless (Plastic Pressing),12,61.32,73.32,15,88.32,88.32,Yes,
PHOTOCHROMIC_SOLIS,Photochromic (Solis II),1.6,BLUE_PRO,Blue PRO,30.66,61.32,,,,,0,Brown,,RIMLESS_INDIVIDUAL,Rimless (Individual Mountings),20,61.32,81.32,15,96.32,96.32,Yes,
PHOTOCHROMIC_SOLIS,Photochromic (Solis II),1.6,BLUE_PRO,Blue PRO,30.66,61.32,,,,,0,Brown,,LINDBERG_COMPLEX,Lindberg / Complex,20,61.32,81.32,15,96.32,96.32,Yes,
PHOTOCHROMIC_SOLIS,Photochromic (Solis II),1.6,BLUE_PRO,Blue PRO,30.66,61.32,,,,,0,Grey,,FULL_FRAME,Full Frame,4.6,61.32,65.92,15,80.92,80.92,Yes,
PHOTOCHROMIC_SOLIS,Photochromic (Solis II),1.6,BLUE_PRO,Blue PRO,30.66,61.32,,,,,0,Grey,,NYLON_FRAME,Nylon Frame,5.9,61.32,67.22,15,82.22,82.22,Yes,
PHOTOCHROMIC_SOLIS,Photochromic (Solis II),1.6,BLUE_PRO,Blue PRO,30.66,61.32,,,,,0,Grey,,RIMLESS_PRESSING,Rimless (Plastic Pressing),12,61.32,73.32,15,88.32,88.32,Yes,
PHOTOCHROMIC_SOLIS,Photochromic (Solis II),1.6,BLUE_PRO,Blue PRO,30.66,61.32,,,,,0,Grey,,RIMLESS_INDIVIDUAL,Rimless (Individual Mountings),20,61.32,81.32,15,96.32,96.32,Yes,
PHOTOCHROMIC_SOLIS,Photochromic (Solis II),1.6,BLUE_PRO,Blue PRO,30.66,61.32,,,,,0,Grey,,LINDBERG_COMPLEX,Lindberg / Complex,20,61.32,81.32,15,96.32,96.32,Yes,
PHOTOCHROMIC_SOLIS,Photochromic (Solis II),1.67,SERICUM_UV,UV Protection,38.9,77.8,,,,,0,Brown,,FULL_FRAME,Full Frame,4.6,77.8,82.4,15,97.4,97.4,Yes,
PHOTOCHROMIC_SOLIS,Photochromic (Solis II),1.67,SERICUM_UV,UV Protection,38.9,77.8,,,,,0,Brown,,NYLON_FRAME,Nylon Frame,5.9,77.8,83.7,15,98.7,98.7,Yes,
PHOTOCHROMIC_SOLIS,Photochromic (Solis II),1.67,SERICUM_UV,UV Protection,38.9,77.8,,,,,0,Brown,,RIMLESS_PRESSING,Rimless (Plastic Pressing),12,77.8,89.8,15,104.8,104.8,Yes,
PHOTOCHROMIC_SOLIS,Photochromic (Solis II),1.67,SERICUM_UV,UV Protection,38.9,77.8,,,,,0,Brown,,RIMLESS_INDIVIDUAL,Rimless (Individual Mountings),20,77.8,97.8,15,112.8,112.8,Yes,
PHOTOCHROMIC_SOLIS,Photochromic (Solis II),1.67,SERICUM_UV,UV Protection,38.9,77.8,,,,,0,Brown,,LINDBERG_COMPLEX,Lindberg / Complex,20,77.8,97.8,15,112.8,112.8,Yes,
PHOTOCHROMIC_SOLIS,Photochromic (Solis II),1.67,SERICUM_UV,UV Protection,38.9,77.8,,,,,0,Grey,,FULL_FRAME,Full Frame,4.6,77.8,82.4,15,97.4,97.4,Yes,
PHOTOCHROMIC_SOLIS,Photochromic (Solis II),1.67,SERICUM_UV,UV Protection,38.9,77.8,,,,,0,Grey,,NYLON_FRAME,Nylon Frame,5.9,77.8,83.7,15,98.7,98.7,Yes,
PHOTOCHROMIC_SOLIS,Photochromic (Solis II),1.67,SERICUM_UV,UV Protection,38.9,77.8,,,,,0,Grey,,RIMLESS_PRESSING,Rimless (Plastic Pressing),12,77.8,89.8,15,104.8,104.8,Yes,
PHOTOCHROMIC_SOLIS,Photochromic (Solis II),1.67,SERICUM_UV,UV Protection,38.9,77.8,,,,,0,Grey,,RIMLESS_INDIVIDUAL,Rimless (Individual Mountings),20,77.8,97.8,15,112.8,112.8,Yes,
PHOTOCHROMIC_SOLIS,Photochromic (Solis II),1.67,SERICUM_UV,UV Protection,38.9,77.8,,,,,0,Grey,,LINDBERG_COMPLEX,Lindberg / Complex,20,77.8,97.8,15,112.8,112.8,Yes,
PHOTOCHROMIC_SOLIS,Photochromic (Solis II),1.67,BLUE_PRO,Blue PRO,38.9,77.8,,,,,0,Brown,,FULL_FRAME,Full Frame,4.6,77.8,82.4,15,97.4,97.4,Yes,
PHOTOCHROMIC_SOLIS,Photochromic (Solis II),1.67,BLUE_PRO,Blue PRO,38.9,77.8,,,,,0,Brown,,NYLON_FRAME,Nylon Frame,5.9,77.8,83.7,15,98.7,98.7,Yes,
PHOTOCHROMIC_SOLIS,Photochromic (Solis II),1.67,BLUE_PRO,Blue PRO,38.9,77.8,,,,,0,Brown,,RIMLESS_PRESSING,Rimless (Plastic Pressing),12,77.8,89.8,15,104.8,104.8,Yes,
PHOTOCHROMIC_SOLIS,Photochromic (Solis II),1.67,BLUE_PRO,Blue PRO,38.9,77.8,,,,,0,Brown,,RIMLESS_INDIVIDUAL,Rimless (Individual Mountings),20,77.8,97.8,15,112.8,112.8,Yes,
PHOTOCHROMIC_SOLIS,Photochromic (Solis II),1.67,BLUE_PRO,Blue PRO,38.9,77.8,,,,,0,Brown,,LINDBERG_COMPLEX,Lindberg / Complex,20,77.8,97.8,15,112.8,112.8,Yes,
PHOTOCHROMIC_SOLIS,Photochromic (Solis II),1.67,BLUE_PRO,Blue PRO,38.9,77.8,,,,,0,Grey,,FULL_FRAME,Full Frame,4.6,77.8,82.4,15,97.4,97.4,Yes,
PHOTOCHROMIC_SOLIS,Photochromic (Solis II),1.67,BLUE_PRO,Blue PRO,38.9,77.8,,,,,0,Grey,,NYLON_FRAME,Nylon Frame,5.9,77.8,83.7,15,98.7,98.7,Yes,
PHOTOCHROMIC_SOLIS,Photochromic (Solis II),1.67,BLUE_PRO,Blue PRO,38.9,77.8,,,,,0,Grey,,RIMLESS_PRESSING,Rimless (Plastic Pressing),12,77.8,89.8,15,104.8,104.8,Yes,
PHOTOCHROMIC_SOLIS,Photochromic (Solis II),1.67,BLUE_PRO,Blue PRO,38.9,77.8,,,,,0,Grey,,RIMLESS_INDIVIDUAL,Rimless (Individual Mountings),20,77.8,97.8,15,112.8,112.8,Yes,
PHOTOCHROMIC_SOLIS,Photochromic (Solis II),1.67,BLUE_PRO,Blue PRO,38.9,77.8,,,,,0,Grey,,LINDBERG_COMPLEX,Lindberg / Complex,20,77.8,97.8,15,112.8,112.8,Yes,
POLARIZED_NUPOLAR,Polarized (NuPolar),1.6,SERICUM_UV,UV Protection,41.98,83.96,,,,,0,,Brown,FULL_FRAME,Full Frame,4.6,83.96,88.56,15,103.56,103.56,Yes,
POLARIZED_NUPOLAR,Polarized (NuPolar),1.6,SERICUM_UV,UV Protection,41.98,83.96,,,,,0,,Brown,NYLON_FRAME,Nylon Frame,5.9,83.96,89.86,15,104.86,104.86,Yes,
POLARIZED_NUPOLAR,Polarized (NuPolar),1.6,SERICUM_UV,UV Protection,41.98,83.96,,,,,0,,Brown,RIMLESS_PRESSING,Rimless (Plastic Pressing),12,83.96,95.96,15,110.96,110.96,Yes,
POLARIZED_NUPOLAR,Polarized (NuPolar),1.6,SERICUM_UV,UV Protection,41.98,83.96,,,,,0,,Brown,RIMLESS_INDIVIDUAL,Rimless (Individual Mountings),20,83.96,103.96,15,118.96,118.96,Yes,
POLARIZED_NUPOLAR,Polarized (NuPolar),1.6,SERICUM_UV,UV Protection,41.98,83.96,,,,,0,,Brown,LINDBERG_COMPLEX,Lindberg / Complex,20,83.96,103.96,15,118.96,118.96,Yes,
POLARIZED_NUPOLAR,Polarized (NuPolar),1.6,SERICUM_UV,UV Protection,41.98,83.96,,,,,0,,Grey,FULL_FRAME,Full Frame,4.6,83.96,88.56,15,103.56,103.56,Yes,
POLARIZED_NUPOLAR,Polarized (NuPolar),1.6,SERICUM_UV,UV Protection,41.98,83.96,,,,,0,,Grey,NYLON_FRAME,Nylon Frame,5.9,83.96,89.86,15,104.86,104.86,Yes,
POLARIZED_NUPOLAR,Polarized (NuPolar),1.6,SERICUM_UV,UV Protection,41.98,83.96,,,,,0,,Grey,RIMLESS_PRESSING,Rimless (Plastic Pressing),12,83.96,95.96,15,110.96,110.96,Yes,
POLARIZED_NUPOLAR,Polarized (NuPolar),1.6,SERICUM_UV,UV Protection,41.98,83.96,,,,,0,,Grey,RIMLESS_INDIVIDUAL,Rimless (Individual Mountings),20,83.96,103.96,15,118.96,118.96,Yes,
POLARIZED_NUPOLAR,Polarized (NuPolar),1.6,SERICUM_UV,UV Protection,41.98,83.96,,,,,0,,Grey,LINDBERG_COMPLEX,Lindberg / Complex,20,83.96,103.96,15,118.96,118.96,Yes,
POLARIZED_NUPOLAR,Polarized (NuPolar),1.6,SERICUM_UV,UV Protection,41.98,83.96,,,,,0,,Green,FULL_FRAME,Full Frame,4.6,83.96,88.56,15,103.56,103.56,Yes,
POLARIZED_NUPOLAR,Polarized (NuPolar),1.6,SERICUM_UV,UV Protection,41.98,83.96,,,,,0,,Green,NYLON_FRAME,Nylon Frame,5.9,83.96,89.86,15,104.86,104.86,Yes,
POLARIZED_NUPOLAR,Polarized (NuPolar),1.6,SERICUM_UV,UV Protection,41.98,83.96,,,,,0,,Green,RIMLESS_PRESSING,Rimless (Plastic Pressing),12,83.96,95.96,15,110.96,110.96,Yes,
POLARIZED_NUPOLAR,Polarized (NuPolar),1.6,SERICUM_UV,UV Protection,41.98,83.96,,,,,0,,Green,RIMLESS_INDIVIDUAL,Rimless (Individual Mountings),20,83.96,103.96,15,118.96,118.96,Yes,
POLARIZED_NUPOLAR,Polarized (NuPolar),1.6,SERICUM_UV,UV Protection,41.98,83.96,,,,,0,,Green,LINDBERG_COMPLEX,Lindberg / Complex,20,83.96,103.96,15,118.96,118.96,Yes,
POLARIZED_NUPOLAR,Polarized (NuPolar),1.6,BLUE_PRO,Blue PRO,41.98,83.96,,,,,0,,Brown,FULL_FRAME,Full Frame,4.6,83.96,88.56,15,103.56,103.56,Yes,
POLARIZED_NUPOLAR,Polarized (NuPolar),1.6,BLUE_PRO,Blue PRO,41.98,83.96,,,,,0,,Brown,NYLON_FRAME,Nylon Frame,5.9,83.96,89.86,15,104.86,104.86,Yes,
POLARIZED_NUPOLAR,Polarized (NuPolar),1.6,BLUE_PRO,Blue PRO,41.98,83.96,,,,,0,,Brown,RIMLESS_PRESSING,Rimless (Plastic Pressing),12,83.96,95.96,15,110.96,110.96,Yes,
POLARIZED_NUPOLAR,Polarized (NuPolar),1.6,BLUE_PRO,Blue PRO,41.98,83.96,,,,,0,,Brown,RIMLESS_INDIVIDUAL,Rimless (Individual Mountings),20,83.96,103.96,15,118.96,118.96,Yes,
POLARIZED_NUPOLAR,Polarized (NuPolar),1.6,BLUE_PRO,Blue PRO,41.98,83.96,,,,,0,,Brown,LINDBERG_COMPLEX,Lindberg / Complex,20,83.96,103.96,15,118.96,118.96,Yes,
POLARIZED_NUPOLAR,Polarized (NuPolar),1.6,BLUE_PRO,Blue PRO,41.98,83.96,,,,,0,,Grey,FULL_FRAME,Full Frame,4.6,83.96,88.56,15,103.56,103.56,Yes,
POLARIZED_NUPOLAR,Polarized (NuPolar),1.6,BLUE_PRO,Blue PRO,41.98,83.96,,,,,0,,Grey,NYLON_FRAME,Nylon Frame,5.9,83.96,89.86,15,104.86,104.86,Yes,
POLARIZED_NUPOLAR,Polarized (NuPolar),1.6,BLUE_PRO,Blue PRO,41.98,83.96,,,,,0,,Grey,RIMLESS_PRESSING,Rimless (Plastic Pressing),12,83.96,95.96,15,110.96,110.96,Yes,
POLARIZED_NUPOLAR,Polarized (NuPolar),1.6,BLUE_PRO,Blue PRO,41.98,83.96,,,,,0,,Grey,RIMLESS_INDIVIDUAL,Rimless (Individual Mountings),20,83.96,103.96,15,118.96,118.96,Yes,
POLARIZED_NUPOLAR,Polarized (NuPolar),1.6,BLUE_PRO,Blue PRO,41.98,83.96,,,,,0,,Grey,LINDBERG_COMPLEX,Lindberg / Complex,20,83.96,103.96,15,118.96,118.96,Yes,
POLARIZED_NUPOLAR,Polarized (NuPolar),1.6,BLUE_PRO,Blue PRO,41.98,83.96,,,,,0,,Green,FULL_FRAME,Full Frame,4.6,83.96,88.56,15,103.56,103.56,Yes,
POLARIZED_NUPOLAR,Polarized (NuPolar),1.6,BLUE_PRO,Blue PRO,41.98,83.96,,,,,0,,Green,NYLON_FRAME,Nylon Frame,5.9,83.96,89.86,15,104.86,104.86,Yes,
POLARIZED_NUPOLAR,Polarized (NuPolar),1.6,BLUE_PRO,Blue PRO,41.98,83.96,,,,,0,,Green,RIMLESS_PRESSING,Rimless (Plastic Pressing),12,83.96,95.96,15,110.96,110.96,Yes,
POLARIZED_NUPOLAR,Polarized (NuPolar),1.6,BLUE_PRO,Blue PRO,41.98,83.96,,,,,0,,Green,RIMLESS_INDIVIDUAL,Rimless (Individual Mountings),20,83.96,103.96,15,118.96,118.96,Yes,
POLARIZED_NUPOLAR,Polarized (NuPolar),1.6,BLUE_PRO,Blue PRO,41.98,83.96,,,,,0,,Green,LINDBERG_COMPLEX,Lindberg / Complex,20,83.96,103.96,15,118.96,118.96,Yes,
POLARIZED_NUPOLAR,Polarized (NuPolar),1.67,SERICUM_UV,UV Protection,64.62,129.24,,,,,0,,Brown,FULL_FRAME,Full Frame,4.6,129.24,133.84,15,148.84,148.84,Yes,
POLARIZED_NUPOLAR,Polarized (NuPolar),1.67,SERICUM_UV,UV Protection,64.62,129.24,,,,,0,,Brown,NYLON_FRAME,Nylon Frame,5.9,129.24,135.14,15,150.14,150.14,Yes,
POLARIZED_NUPOLAR,Polarized (NuPolar),1.67,SERICUM_UV,UV Protection,64.62,129.24,,,,,0,,Brown,RIMLESS_PRESSING,Rimless (Plastic Pressing),12,129.24,141.24,15,156.24,156.24,Yes,
POLARIZED_NUPOLAR,Polarized (NuPolar),1.67,SERICUM_UV,UV Protection,64.62,129.24,,,,,0,,Brown,RIMLESS_INDIVIDUAL,Rimless (Individual Mountings),20,129.24,149.24,15,164.24,164.24,Yes,
POLARIZED_NUPOLAR,Polarized (NuPolar),1.67,SERICUM_UV,UV Protection,64.62,129.24,,,,,0,,Brown,LINDBERG_COMPLEX,Lindberg / Complex,20,129.24,149.24,15,164.24,164.24,Yes,
POLARIZED_NUPOLAR,Polarized (NuPolar),1.67,SERICUM_UV,UV Protection,64.62,129.24,,,,,0,,Grey,FULL_FRAME,Full Frame,4.6,129.24,133.84,15,148.84,148.84,Yes,
POLARIZED_NUPOLAR,Polarized (NuPolar),1.67,SERICUM_UV,UV Protection,64.62,129.24,,,,,0,,Grey,NYLON_FRAME,Nylon Frame,5.9,129.24,135.14,15,150.14,150.14,Yes,
POLARIZED_NUPOLAR,Polarized (NuPolar),1.67,SERICUM_UV,UV Protection,64.62,129.24,,,,,0,,Grey,RIMLESS_PRESSING,Rimless (Plastic Pressing),12,129.24,141.24,15,156.24,156.24,Yes,
POLARIZED_NUPOLAR,Polarized (NuPolar),1.67,SERICUM_UV,UV Protection,64.62,129.24,,,,,0,,Grey,RIMLESS_INDIVIDUAL,Rimless (Individual Mountings),20,129.24,149.24,15,164.24,164.24,Yes,
POLARIZED_NUPOLAR,Polarized (NuPolar),1.67,SERICUM_UV,UV Protection,64.62,129.24,,,,,0,,Grey,LINDBERG_COMPLEX,Lindberg / Complex,20,129.24,149.24,15,164.24,164.24,Yes,
POLARIZED_NUPOLAR,Polarized (NuPolar),1.67,SERICUM_UV,UV Protection,64.62,129.24,,,,,0,,Green,FULL_FRAME,Full Frame,4.6,129.24,133.84,15,148.84,148.84,Yes,
POLARIZED_NUPOLAR,Polarized (NuPolar),1.67,SERICUM_UV,UV Protection,64.62,129.24,,,,,0,,Green,NYLON_FRAME,Nylon Frame,5.9,129.24,135.14,15,150.14,150.14,Yes,
POLARIZED_NUPOLAR,Polarized (NuPolar),1.67,SERICUM_UV,UV Protection,64.62,129.24,,,,,0,,Green,RIMLESS_PRESSING,Rimless (Plastic Pressing),12,129.24,141.24,15,156.24,156.24,Yes,
POLARIZED_NUPOLAR,Polarized (NuPolar),1.67,SERICUM_UV,UV Protection,64.62,129.24,,,,,0,,Green,RIMLESS_INDIVIDUAL,Rimless (Individual Mountings),20,129.24,149.24,15,164.24,164.24,Yes,
POLARIZED_NUPOLAR,Polarized (NuPolar),1.67,SERICUM_UV,UV Protection,64.62,129.24,,,,,0,,Green,LINDBERG_COMPLEX,Lindberg / Complex,20,129.24,149.24,15,164.24,164.24,Yes,
POLARIZED_NUPOLAR,Polarized (NuPolar),1.67,BLUE_PRO,Blue PRO,64.62,129.24,,,,,0,,Brown,FULL_FRAME,Full Frame,4.6,129.24,133.84,15,148.84,148.84,Yes,
POLARIZED_NUPOLAR,Polarized (NuPolar),1.67,BLUE_PRO,Blue PRO,64.62,129.24,,,,,0,,Brown,NYLON_FRAME,Nylon Frame,5.9,129.24,135.14,15,150.14,150.14,Yes,
POLARIZED_NUPOLAR,Polarized (NuPolar),1.67,BLUE_PRO,Blue PRO,64.62,129.24,,,,,0,,Brown,RIMLESS_PRESSING,Rimless (Plastic Pressing),12,129.24,141.24,15,156.24,156.24,Yes,
POLARIZED_NUPOLAR,Polarized (NuPolar),1.67,BLUE_PRO,Blue PRO,64.62,129.24,,,,,0,,Brown,RIMLESS_INDIVIDUAL,Rimless (Individual Mountings),20,129.24,149.24,15,164.24,164.24,Yes,
POLARIZED_NUPOLAR,Polarized (NuPolar),1.67,BLUE_PRO,Blue PRO,64.62,129.24,,,,,0,,Brown,LINDBERG_COMPLEX,Lindberg / Complex,20,129.24,149.24,15,164.24,164.24,Yes,
POLARIZED_NUPOLAR,Polarized (NuPolar),1.67,BLUE_PRO,Blue PRO,64.62,129.24,,,,,0,,Grey,FULL_FRAME,Full Frame,4.6,129.24,133.84,15,148.84,148.84,Yes,
POLARIZED_NUPOLAR,Polarized (NuPolar),1.67,BLUE_PRO,Blue PRO,64.62,129.24,,,,,0,,Grey,NYLON_FRAME,Nylon Frame,5.9,129.24,135.14,15,150.14,150.14,Yes,
POLARIZED_NUPOLAR,Polarized (NuPolar),1.67,BLUE_PRO,Blue PRO,64.62,129.24,,,,,0,,Grey,RIMLESS_PRESSING,Rimless (Plastic Pressing),12,129.24,141.24,15,156.24,156.24,Yes,
POLARIZED_NUPOLAR,Polarized (NuPolar),1.67,BLUE_PRO,Blue PRO,64.62,129.24,,,,,0,,Grey,RIMLESS_INDIVIDUAL,Rimless (Individual Mountings),20,129.24,149.24,15,164.24,164.24,Yes,
POLARIZED_NUPOLAR,Polarized (NuPolar),1.67,BLUE_PRO,Blue PRO,64.62,129.24,,,,,0,,Grey,LINDBERG_COMPLEX,Lindberg / Complex,20,129.24,149.24,15,164.24,164.24,Yes,
POLARIZED_NUPOLAR,Polarized (NuPolar),1.67,BLUE_PRO,Blue PRO,64.62,129.24,,,,,0,,Green,FULL_FRAME,Full Frame,4.6,129.24,133.84,15,148.84,148.84,Yes,
POLARIZED_NUPOLAR,Polarized (NuPolar),1.67,BLUE_PRO,Blue PRO,64.62,129.24,,,,,0,,Green,NYLON_FRAME,Nylon Frame,5.9,129.24,135.14,15,150.14,150.14,Yes,
POLARIZED_NUPOLAR,Polarized (NuPolar),1.67,BLUE_PRO,Blue PRO,64.62,129.24,,,,,0,,Green,RIMLESS_PRESSING,Rimless (Plastic Pressing),12,129.24,141.24,15,156.24,156.24,Yes,
POLARIZED_NUPOLAR,Polarized (NuPolar),1.67,BLUE_PRO,Blue PRO,64.62,129.24,,,,,0,,Green,RIMLESS_INDIVIDUAL,Rimless (Individual Mountings),20,129.24,149.24,15,164.24,164.24,Yes,
POLARIZED_NUPOLAR,Polarized (NuPolar),1.67,BLUE_PRO,Blue PRO,64.62,129.24,,,,,0,,Green,LINDBERG_COMPLEX,Lindberg / Complex,20,129.24,149.24,15,164.24,164.24,Yes,
